Term,ID,CourseCode,Grade,GradePts
2012-1,S001,INF0132,D,1
2012-1,S001,INF0221,C+,2.3
2012-1,S001,INF0111,C,2
2012-1,S001,INF0371,B+,3.3
2012-1,S001,FLA0071,A-,3.7
2012-1,S001,FLA0111,B,3
2012-1,S001,FLA0121,B+,3.3
2012-1,S002,INF0132,D,1
2012-1,S002,INF0221,C,2
2012-1,S002,INF0111,C,2
2012-1,S002,INF0371,B,3
2012-1,S002,FLA0071,A-,3.7
2012-1,S002,FLA0081,A-,3.7
2012-1,S002,FLA0121,A-,3.7
2012-1,S003,INF0132,B,3
2012-1,S003,INF0221,A-,3.7
2012-1,S003,INF0111,A-,3.7
2012-1,S003,INF0371,A-,3.7
2012-1,S003,FLA0071,A-,3.7
2012-1,S003,FLA0111,B+,3.3
2012-1,S003,FLA0121,A,4
2012-1,S004,INF0132,B,3
2012-1,S004,INF0221,C,2
2012-1,S004,INF0111,C,2
2012-1,S004,INF0371,C-,1.7
2012-1,S004,FLA0071,A-,3.7
2012-1,S004,FLA0081,A-,3.7
2012-1,S004,FLA0121,B,3
2012-1,S005,INF0132,E,0
2012-1,S005,INF0221,B,3
2012-1,S005,INF0111,C+,2.3
2012-1,S005,INF0371,C-,1.7
2012-1,S005,FLA0071,A-,3.7
2012-1,S005,FLA0081,A-,3.7
2012-1,S005,FLA0121,B-,2.7
2012-1,S006,INF0132,D,1
2012-1,S006,INF0221,D,1
2012-1,S006,INF0111,B,3
2012-1,S006,INF0371,C,2
2012-1,S006,FLA0071,B+,3.3
2012-1,S006,FLA0081,A-,3.7
2012-1,S006,FLA0121,B-,2.7
2012-1,S007,INF0132,D,1
2012-1,S007,INF0221,D,1
2012-1,S007,INF0111,C,2
2012-1,S007,INF0371,C-,1.7
2012-1,S007,FLA0071,A-,3.7
2012-1,S007,FLA0081,A-,3.7
2012-1,S007,FLA0121,B,3
2012-1,S008,INF0132,A-,3.7
2012-1,S008,INF0221,B+,3.3
2012-1,S008,INF0111,B,3
2012-1,S008,INF0371,A-,3.7
2012-1,S008,FLA0071,A-,3.7
2012-1,S008,FLA0111,B-,2.7
2012-1,S008,FLA0121,A-,3.7
2012-2,S001,INF0142,C-,1.7
2012-2,S001,INF0022,B-,2.7
2012-2,S001,INF0621,C+,2.3
2012-2,S001,INF0601,B,3
2012-2,S001,INF0301,B-,2.7
2012-2,S001,FLA0031,B+,3.3
2012-2,S001,FLA0011,E,0
2012-2,S002,INF0142,C+,2.3
2012-2,S002,INF0022,C+,2.3
2012-2,S002,INF0621,C+,2.3
2012-2,S002,INF0601,C,2
2012-2,S002,INF0301,C+,2.3
2012-2,S002,FLA0031,A-,3.7
2012-2,S003,INF0142,B,3
2012-2,S003,INF0022,A-,3.7
2012-2,S003,INF0621,A,4
2012-2,S003,INF0601,B+,3.3
2012-2,S003,INF0301,A,4
2012-2,S003,INF0521,A-,3.7
2012-2,S003,FLA0031,A-,3.7
2012-2,S004,INF0142,B,3
2012-2,S004,INF0022,C,2
2012-2,S004,INF0621,C-,1.7
2012-2,S004,INF0601,C+,2.3
2012-2,S004,INF0301,D,1
2012-2,S004,FLA0031,B+,3.3
2012-2,S004,FLA0011,B+,3.3
2012-2,S005,INF0142,D,1
2012-2,S005,INF0022,D,1
2012-2,S005,INF0621,E,0
2012-2,S005,INF0601,C-,1.7
2012-2,S005,INF0301,C,2
2012-2,S005,INF0521,C-,1.7
2012-2,S005,FLA0031,B+,3.3
2012-2,S006,INF0142,D,1
2012-2,S006,INF0022,C-,1.7
2012-2,S006,INF0621,C,2
2012-2,S006,INF0301,B-,2.7
2012-2,S006,INF0521,C+,2.3
2012-2,S006,FLA0011,A-,3.7
2012-2,S007,INF0142,E,0
2012-2,S007,INF0022,C,2
2012-2,S007,INF0621,D,1
2012-2,S007,INF0301,C,2
2012-2,S007,INF0521,C+,2.3
2012-2,S007,FLA0011,A-,3.7
2012-2,S008,INF0142,B,3
2012-2,S008,INF0022,A-,3.7
2012-2,S008,INF0621,B-,2.7
2012-2,S008,INF0601,A,4
2012-2,S008,INF0301,B,3
2012-2,S008,INF0521,B-,2.7
2012-2,S008,FLA0031,B+,3.3
2012-3,S001,FLA0092,A-,3.7
2012-3,S001,INF0231,B-,2.7
2012-3,S001,FLA0061,A-,3.7
2012-3,S001,FLA0041,A,4
2012-3,S002,INF0221,A,4
2012-3,S002,FLA0061,A-,3.7
2012-3,S002,FLA0041,B-,2.7
2012-3,S003,FLA0092,A,4
2012-3,S003,INF0231,B+,3.3
2012-3,S003,FLA0061,A-,3.7
2012-3,S003,FLA0041,A,4
2012-3,S004,FLA0092,C+,2.3
2012-3,S004,INF0231,B,3
2012-3,S004,FLA0061,A-,3.7
2012-3,S004,FLA0041,A,4
2012-3,S005,FLA0061,A-,3.7
2012-3,S005,FLA0131,A-,3.7
2012-3,S006,INF0221,A-,3.7
2012-3,S006,INF0601,B,3
2012-3,S006,FLA0031,A-,3.7
2012-3,S007,INF0221,A-,3.7
2012-3,S007,INF0601,C+,2.3
2012-3,S007,FLA0061,A-,3.7
2012-3,S007,FLA0031,A-,3.7
2012-3,S008,FLA0092,A,4
2012-3,S008,INF0231,B-,2.7
2012-3,S008,FLA0061,A-,3.7
2012-3,S008,FLA0041,A,4
2013-1,S001,FLA0022,B+,3.3
2013-1,S001,INF0271,B-,2.7
2013-1,S001,INF0191,B,3
2013-1,S001,INF0431,F,0
2013-1,S001,INF0291,C+,2.3
2013-1,S009,FLA0091,B,3
2013-1,S009,FLA0021,B-,2.7
2013-1,S009,FLA0101,B+,3.3
2013-1,S009,FLA0051,L,4
2013-1,S009,INF0221,C,2
2013-1,S009,INF0381,B-,2.7
2013-1,S009,INF0011,B+,3.3
2013-1,S010,FLA0091,B+,3.3
2013-1,S010,FLA0021,B-,2.7
2013-1,S010,FLA0101,B+,3.3
2013-1,S010,FLA0051,L,4
2013-1,S010,INF0221,C-,1.7
2013-1,S010,INF0381,B+,3.3
2013-1,S010,INF0011,F,0
2013-1,S011,FLA0091,A-,3.7
2013-1,S011,FLA0021,B+,3.3
2013-1,S011,FLA0101,B+,3.3
2013-1,S011,FLA0051,L,4
2013-1,S011,INF0221,B+,3.3
2013-1,S011,INF0381,A,4
2013-1,S011,INF0011,F,0
2013-1,S002,INF0271,B+,3.3
2013-1,S002,INF0231,F,0
2013-1,S002,INF0191,B,3
2013-1,S002,INF0431,C-,1.7
2013-1,S002,INF0291,F,0
2013-1,S003,FLA0022,A-,3.7
2013-1,S003,INF0271,B,3
2013-1,S003,INF0191,A-,3.7
2013-1,S003,INF0431,A,4
2013-1,S003,INF0291,B-,2.7
2013-1,S004,FLA0022,B+,3.3
2013-1,S004,INF0271,B,3
2013-1,S004,INF0191,B+,3.3
2013-1,S004,INF0431,C-,1.7
2013-1,S004,INF0291,F,0
2013-1,S012,FLA0091,A-,3.7
2013-1,S012,FLA0021,A-,3.7
2013-1,S012,FLA0101,B+,3.3
2013-1,S012,FLA0051,L,4
2013-1,S012,INF0221,B+,3.3
2013-1,S012,INF0381,A-,3.7
2013-1,S012,INF0011,C+,2.3
2013-1,S013,FLA0091,A-,3.7
2013-1,S013,FLA0021,B,3
2013-1,S013,FLA0101,B+,3.3
2013-1,S013,FLA0051,L,4
2013-1,S013,INF0221,A,4
2013-1,S013,INF0381,A-,3.7
2013-1,S013,INF0011,B,3
2013-1,S014,FLA0091,B,3
2013-1,S014,FLA0021,B+,3.3
2013-1,S014,FLA0101,B,3
2013-1,S014,FLA0051,L,4
2013-1,S014,INF0221,C,2
2013-1,S014,INF0381,B+,3.3
2013-1,S014,INF0011,F,0
2013-1,S005,FLA0022,B,3
2013-1,S005,INF0271,C-,1.7
2013-1,S005,INF0191,C+,2.3
2013-1,S005,INF0431,B,3
2013-1,S005,INF0291,F,0
2013-1,S006,INF0271,B,3
2013-1,S006,INF0231,B-,2.7
2013-1,S006,INF0191,B+,3.3
2013-1,S006,INF0431,C,2
2013-1,S006,INF0291,F,0
2013-1,S015,FLA0091,B,3
2013-1,S015,FLA0021,B+,3.3
2013-1,S015,FLA0101,B,3
2013-1,S015,FLA0051,L,4
2013-1,S015,INF0221,B-,2.7
2013-1,S015,INF0381,B-,2.7
2013-1,S015,INF0011,F,0
2013-1,S007,FLA0022,A-,3.7
2013-1,S007,INF0271,B,3
2013-1,S007,INF0191,B+,3.3
2013-1,S007,INF0431,C-,1.7
2013-1,S007,INF0291,F,0
2013-1,S016,FLA0091,B,3
2013-1,S016,FLA0021,B,3
2013-1,S016,FLA0101,B,3
2013-1,S016,FLA0051,L,4
2013-1,S016,INF0221,C-,1.7
2013-1,S016,INF0381,B-,2.7
2013-1,S016,INF0011,F,0
2013-1,S017,FLA0091,B+,3.3
2013-1,S017,FLA0021,B,3
2013-1,S017,FLA0101,B+,3.3
2013-1,S017,FLA0051,L,4
2013-1,S017,INF0221,B-,2.7
2013-1,S017,INF0381,B,3
2013-1,S017,INF0011,B-,2.7
2013-1,S018,FLA0091,B,3
2013-1,S018,FLA0021,C+,2.3
2013-1,S018,FLA0101,B,3
2013-1,S018,FLA0051,BL,0
2013-1,S018,INF0221,C-,1.7
2013-1,S018,INF0381,B,3
2013-1,S018,INF0011,F,0
2013-1,S019,FLA0091,B,3
2013-1,S019,FLA0021,B-,2.7
2013-1,S019,FLA0101,B+,3.3
2013-1,S019,FLA0051,L,4
2013-1,S019,INF0221,A,4
2013-1,S019,INF0381,A-,3.7
2013-1,S019,INF0011,A,4
2013-1,S008,FLA0022,B,3
2013-1,S008,INF0271,C+,2.3
2013-1,S008,INF0191,B-,2.7
2013-1,S008,INF0431,F,0
2013-1,S008,INF0291,F,0
2013-1,S020,FLA0091,A-,3.7
2013-1,S020,FLA0021,B+,3.3
2013-1,S020,FLA0101,B+,3.3
2013-1,S020,FLA0051,L,4
2013-1,S020,INF0221,C+,2.3
2013-1,S020,INF0381,C+,2.3
2013-1,S020,INF0011,F,0
2013-1,S021,FLA0091,B,3
2013-1,S021,FLA0021,C,2
2013-1,S021,FLA0101,B+,3.3
2013-1,S021,FLA0051,BL,0
2013-1,S021,INF0221,C,2
2013-1,S021,INF0381,B,3
2013-1,S021,INF0011,F,0
2013-1,S022,FLA0091,B+,3.3
2013-1,S022,FLA0021,B,3
2013-1,S022,FLA0101,B+,3.3
2013-1,S022,FLA0051,BL,0
2013-1,S022,INF0221,C+,2.3
2013-1,S022,INF0381,A-,3.7
2013-1,S022,INF0011,F,0
2013-1,S023,FLA0091,B,3
2013-1,S023,FLA0021,B-,2.7
2013-1,S023,FLA0101,B+,3.3
2013-1,S023,FLA0051,L,4
2013-1,S023,INF0221,B+,3.3
2013-1,S023,INF0381,A,4
2013-1,S023,INF0011,B,3
2013-1,S024,FLA0091,A-,3.7
2013-1,S024,FLA0021,B+,3.3
2013-1,S024,FLA0101,B+,3.3
2013-1,S024,FLA0051,L,4
2013-1,S024,INF0221,C,2
2013-1,S024,INF0381,B+,3.3
2013-1,S024,INF0011,F,0
2013-1,S025,FLA0091,A-,3.7
2013-1,S025,FLA0021,B,3
2013-1,S025,FLA0101,B+,3.3
2013-1,S025,FLA0051,BL,0
2013-1,S025,INF0221,C-,1.7
2013-1,S025,INF0381,B+,3.3
2013-1,S025,INF0011,F,0
2013-1,S026,FLA0091,B+,3.3
2013-1,S026,FLA0021,A-,3.7
2013-1,S026,FLA0101,B+,3.3
2013-1,S026,FLA0051,L,4
2013-1,S026,INF0221,A,4
2013-1,S026,INF0381,A,4
2013-1,S026,INF0011,A,4
2013-2,S001,INF0441,B+,3.3
2013-2,S001,INF0521,C+,2.3
2013-2,S001,INF0531,A-,3.7
2013-2,S001,INF0501,C+,2.3
2013-2,S001,INF0561,B+,3.3
2013-2,S009,INF0131,B-,2.7
2013-2,S009,INF0621,F,0
2013-2,S009,INF0301,B,3
2013-2,S010,INF0131,C,2
2013-2,S010,INF0621,B-,2.7
2013-2,S010,INF0301,B-,2.7
2013-2,S011,INF0131,B,3
2013-2,S011,INF0621,C-,1.7
2013-2,S011,INF0301,B,3
2013-2,S002,INF0521,B,3
2013-2,S002,INF0531,B,3
2013-2,S002,INF0501,C,2
2013-2,S002,INF0561,B,3
2013-2,S003,INF0441,B,3
2013-2,S003,INF0531,B,3
2013-2,S003,INF0501,B-,2.7
2013-2,S003,INF0571,C-,1.7
2013-2,S003,INF0561,B,3
2013-2,S004,INF0441,C+,2.3
2013-2,S004,INF0521,B-,2.7
2013-2,S004,INF0531,B+,3.3
2013-2,S004,INF0501,B-,2.7
2013-2,S004,INF0561,B-,2.7
2013-2,S012,INF0131,B-,2.7
2013-2,S012,INF0621,B-,2.7
2013-2,S012,INF0301,B,3
2013-2,S013,INF0131,B-,2.7
2013-2,S013,INF0621,A-,3.7
2013-2,S013,INF0301,A-,3.7
2013-2,S014,INF0131,F,0
2013-2,S014,INF0621,C-,1.7
2013-2,S014,INF0301,C+,2.3
2013-2,S005,INF0441,B-,2.7
2013-2,S005,INF0531,B-,2.7
2013-2,S005,INF0501,C,2
2013-2,S005,INF0561,B,3
2013-2,S006,INF0441,B+,3.3
2013-2,S006,INF0531,A-,3.7
2013-2,S006,INF0501,C,2
2013-2,S006,INF0561,B,3
2013-2,S015,INF0131,C-,1.7
2013-2,S015,INF0621,C+,2.3
2013-2,S015,INF0301,B-,2.7
2013-2,S007,INF0441,B+,3.3
2013-2,S007,INF0531,B,3
2013-2,S007,INF0501,C,2
2013-2,S007,INF0561,B+,3.3
2013-2,S016,INF0131,F,0
2013-2,S016,INF0621,F,0
2013-2,S016,INF0301,C+,2.3
2013-2,S017,INF0131,C+,2.3
2013-2,S017,INF0621,B+,3.3
2013-2,S017,INF0301,A-,3.7
2013-2,S018,INF0131,F,0
2013-2,S018,INF0621,F,0
2013-2,S018,INF0301,F,0
2013-2,S019,INF0131,A-,3.7
2013-2,S019,INF0621,A-,3.7
2013-2,S019,INF0301,A,4
2013-2,S008,INF0441,B,3
2013-2,S008,INF0531,B,3
2013-2,S008,INF0501,B+,3.3
2013-2,S008,INF0571,C-,1.7
2013-2,S008,INF0561,B,3
2013-2,S020,INF0131,C-,1.7
2013-2,S020,INF0621,C+,2.3
2013-2,S020,INF0301,C+,2.3
2013-2,S021,INF0131,F,0
2013-2,S021,INF0621,F,0
2013-2,S021,INF0301,B-,2.7
2013-2,S022,INF0131,F,0
2013-2,S022,INF0621,C-,1.7
2013-2,S022,INF0301,B,3
2013-2,S023,INF0131,F,0
2013-2,S023,INF0621,B-,2.7
2013-2,S023,INF0301,B+,3.3
2013-2,S024,INF0131,C-,1.7
2013-2,S024,INF0621,B-,2.7
2013-2,S024,INF0301,B-,2.7
2013-2,S025,INF0131,C-,1.7
2013-2,S025,INF0621,C-,1.7
2013-2,S025,INF0301,C+,2.3
2013-2,S026,INF0131,A-,3.7
2013-2,S026,INF0621,A,4
2013-2,S026,INF0301,A,4
2013-3,S001,INF0142,B,3
2013-3,S001,INF0651,B+,3.3
2013-3,S001,INF0361,B+,3.3
2013-3,S001,INF0121,B+,3.3
2013-3,S001,INF0152,A-,3.7
2013-3,S009,INF0141,C,2
2013-3,S009,INF0022,C+,2.3
2013-3,S009,INF0601,B-,2.7
2013-3,S009,INF0291,C,2
2013-3,S010,INF0141,C-,1.7
2013-3,S010,INF0022,C-,1.7
2013-3,S010,INF0601,C-,1.7
2013-3,S010,INF0291,F,0
2013-3,S011,INF0141,C,2
2013-3,S011,INF0022,B+,3.3
2013-3,S011,INF0601,B+,3.3
2013-3,S011,INF0291,F,0
2013-3,S002,INF0651,B-,2.7
2013-3,S002,INF0361,B-,2.7
2013-3,S002,INF0121,B,3
2013-3,S002,INF0152,B,3
2013-3,S003,INF0651,B+,3.3
2013-3,S003,INF0361,B,3
2013-3,S003,INF0121,B+,3.3
2013-3,S003,INF0152,A,4
2013-3,S004,INF0651,B+,3.3
2013-3,S004,INF0371,A-,3.7
2013-3,S004,INF0291,F,0
2013-3,S004,INF0361,B,3
2013-3,S004,INF0121,B+,3.3
2013-3,S004,INF0152,B+,3.3
2013-3,S012,INF0141,C,2
2013-3,S012,INF0022,B-,2.7
2013-3,S012,INF0601,B,3
2013-3,S012,INF0291,C-,1.7
2013-3,S013,INF0141,C+,2.3
2013-3,S013,INF0022,B,3
2013-3,S013,INF0601,B+,3.3
2013-3,S013,INF0291,B,3
2013-3,S014,INF0141,F,0
2013-3,S014,INF0022,C-,1.7
2013-3,S014,INF0601,F,0
2013-3,S014,INF0291,F,0
2013-3,S005,INF0651,C+,2.3
2013-3,S005,INF0361,C,2
2013-3,S005,INF0121,B,3
2013-3,S005,INF0152,B,3
2013-3,S006,INF0142,B-,2.7
2013-3,S006,INF0651,B+,3.3
2013-3,S006,INF0361,C+,2.3
2013-3,S006,INF0121,B,3
2013-3,S006,INF0152,A,4
2013-3,S015,INF0141,F,0
2013-3,S015,INF0022,C-,1.7
2013-3,S015,INF0601,C-,1.7
2013-3,S015,INF0291,F,0
2013-3,S007,INF0142,B-,2.7
2013-3,S007,INF0651,B,3
2013-3,S007,INF0371,B-,2.7
2013-3,S007,INF0361,C+,2.3
2013-3,S007,INF0121,B-,2.7
2013-3,S007,INF0152,B+,3.3
2013-3,S016,INF0141,F,0
2013-3,S016,INF0022,C-,1.7
2013-3,S016,INF0601,F,0
2013-3,S016,INF0291,F,0
2013-3,S017,INF0141,C+,2.3
2013-3,S017,INF0022,A-,3.7
2013-3,S017,INF0601,B,3
2013-3,S017,INF0291,C,2
2013-3,S018,INF0141,F,0
2013-3,S018,INF0022,C-,1.7
2013-3,S018,INF0601,C-,1.7
2013-3,S018,INF0291,F,0
2013-3,S019,INF0141,B-,2.7
2013-3,S019,INF0022,A,4
2013-3,S019,INF0601,B,3
2013-3,S019,INF0291,C+,2.3
2013-3,S008,INF0651,B+,3.3
2013-3,S008,INF0291,C,2
2013-3,S008,INF0361,B,3
2013-3,S008,INF0121,B,3
2013-3,S008,INF0152,A-,3.7
2013-3,S020,INF0141,F,0
2013-3,S020,INF0022,C-,1.7
2013-3,S020,INF0601,F,0
2013-3,S020,INF0291,C-,1.7
2013-3,S021,INF0141,F,0
2013-3,S021,INF0022,C-,1.7
2013-3,S021,INF0601,F,0
2013-3,S021,INF0291,F,0
2013-3,S022,INF0141,F,0
2013-3,S022,INF0022,C-,1.7
2013-3,S022,INF0601,C,2
2013-3,S022,INF0291,F,0
2013-3,S023,INF0141,C,2
2013-3,S023,INF0022,B-,2.7
2013-3,S023,INF0601,C-,1.7
2013-3,S023,INF0291,F,0
2013-3,S024,INF0141,F,0
2013-3,S024,INF0022,C-,1.7
2013-3,S024,INF0601,C,2
2013-3,S024,INF0291,F,0
2013-3,S025,INF0141,F,0
2013-3,S025,INF0022,C-,1.7
2013-3,S025,INF0601,F,0
2013-3,S025,INF0291,F,0
2013-3,S026,INF0141,A-,3.7
2013-3,S026,INF0022,A-,3.7
2013-3,S026,INF0601,A-,3.7
2013-3,S026,INF0291,A,4
2014-1,S001,INF0491,B+,3.3
2014-1,S001,INF0571,B-,2.7
2014-1,S001,INF0081,A,4
2014-1,S001,INF0591,B+,3.3
2014-1,S001,INF0351,B,3
2014-1,S009,INF0271,B+,3.3
2014-1,S009,INF0521,C-,1.7
2014-1,S009,INF0211,B-,2.7
2014-1,S009,INF0341,C+,2.3
2014-1,S009,INF0081,F,0
2014-1,S010,INF0271,C+,2.3
2014-1,S010,INF0521,C-,1.7
2014-1,S010,INF0211,B-,2.7
2014-1,S010,INF0341,A,4
2014-1,S010,INF0081,C-,1.7
2014-1,S032,INF0221,B-,2.7
2014-1,S032,INF0381,B,3
2014-1,S032,INF0011,F,0
2014-1,S011,INF0271,B+,3.3
2014-1,S011,INF0521,F,0
2014-1,S011,INF0211,B+,3.3
2014-1,S011,INF0341,A-,3.7
2014-1,S011,INF0081,C-,1.7
2014-1,S033,INF0221,C+,2.3
2014-1,S033,INF0381,B-,2.7
2014-1,S033,INF0011,A-,3.7
2014-1,S027,INF0221,C-,1.7
2014-1,S027,INF0381,B,3
2014-1,S027,INF0011,C-,1.7
2014-1,S002,INF0491,C+,2.3
2014-1,S002,INF0571,C+,2.3
2014-1,S002,INF0081,B,3
2014-1,S002,INF0351,C+,2.3
2014-1,S003,INF0491,B+,3.3
2014-1,S003,INF0571,A-,3.7
2014-1,S003,INF0081,A-,3.7
2014-1,S003,INF0591,B,3
2014-1,S003,INF0351,B+,3.3
2014-1,S034,INF0221,C-,1.7
2014-1,S034,INF0381,C+,2.3
2014-1,S034,INF0011,C,2
2014-1,S035,INF0221,C,2
2014-1,S035,INF0381,B,3
2014-1,S035,INF0011,F,0
2014-1,S028,INF0221,C-,1.7
2014-1,S028,INF0381,C,2
2014-1,S028,INF0011,F,0
2014-1,S029,INF0221,F,0
2014-1,S029,INF0381,C,2
2014-1,S029,INF0011,F,0
2014-1,S004,INF0491,A-,3.7
2014-1,S004,INF0571,C,2
2014-1,S004,INF0081,B+,3.3
2014-1,S004,INF0351,B,3
2014-1,S012,INF0271,B,3
2014-1,S012,INF0521,F,0
2014-1,S012,INF0241,C-,1.7
2014-1,S012,INF0351,B+,3.3
2014-1,S012,INF0081,C-,1.7
2014-1,S036,INF0221,B+,3.3
2014-1,S036,INF0381,A,4
2014-1,S036,INF0011,A,4
2014-1,S037,INF0221,B-,2.7
2014-1,S037,INF0381,B+,3.3
2014-1,S037,INF0011,A-,3.7
2014-1,S013,INF0271,B+,3.3
2014-1,S013,INF0521,C,2
2014-1,S013,INF0211,A-,3.7
2014-1,S013,INF0341,A,4
2014-1,S013,INF0081,B,3
2014-1,S014,INF0271,C+,2.3
2014-1,S014,INF0521,F,0
2014-1,S014,INF0241,C,2
2014-1,S014,INF0351,B+,3.3
2014-1,S014,INF0081,C,2
2014-1,S005,INF0491,B+,3.3
2014-1,S005,INF0571,F,0
2014-1,S005,INF0081,C,2
2014-1,S005,INF0591,B-,2.7
2014-1,S005,INF0351,C+,2.3
2014-1,S006,INF0491,B-,2.7
2014-1,S006,INF0571,B-,2.7
2014-1,S006,INF0081,B,3
2014-1,S006,INF0351,B-,2.7
2014-1,S030,INF0221,C-,1.7
2014-1,S030,INF0381,A-,3.7
2014-1,S030,INF0011,C,2
2014-1,S015,INF0271,B,3
2014-1,S015,INF0521,F,0
2014-1,S015,INF0241,C+,2.3
2014-1,S015,INF0351,B,3
2014-1,S015,INF0081,C,2
2014-1,S007,INF0491,B,3
2014-1,S007,INF0571,B,3
2014-1,S007,INF0081,B-,2.7
2014-1,S007,INF0351,B,3
2014-1,S016,INF0271,B-,2.7
2014-1,S016,INF0521,F,0
2014-1,S016,INF0241,C-,1.7
2014-1,S016,INF0351,B,3
2014-1,S016,INF0081,F,0
2014-1,S017,INF0271,B-,2.7
2014-1,S017,INF0521,C,2
2014-1,S017,INF0211,A,4
2014-1,S017,INF0341,A,4
2014-1,S017,INF0081,C-,1.7
2014-1,S038,INF0221,C+,2.3
2014-1,S038,INF0381,B-,2.7
2014-1,S038,INF0011,F,0
2014-1,S039,INF0221,B+,3.3
2014-1,S039,INF0381,A,4
2014-1,S039,INF0011,B-,2.7
2014-1,S018,INF0271,C-,1.7
2014-1,S018,INF0521,F,0
2014-1,S018,INF0241,F,0
2014-1,S018,INF0351,C+,2.3
2014-1,S018,INF0081,F,0
2014-1,S019,INF0271,B,3
2014-1,S019,INF0521,C,2
2014-1,S019,INF0211,A,4
2014-1,S019,INF0341,A-,3.7
2014-1,S019,INF0081,B-,2.7
2014-1,S040,INF0221,B+,3.3
2014-1,S040,INF0381,A,4
2014-1,S040,INF0011,A,4
2014-1,S041,INF0221,C,2
2014-1,S041,INF0381,C+,2.3
2014-1,S041,INF0011,F,0
2014-1,S042,INF0221,C+,2.3
2014-1,S042,INF0381,B-,2.7
2014-1,S042,INF0011,F,0
2014-1,S008,INF0491,B+,3.3
2014-1,S008,INF0571,C+,2.3
2014-1,S008,INF0081,B+,3.3
2014-1,S008,INF0591,B-,2.7
2014-1,S008,INF0351,C+,2.3
2014-1,S043,INF0221,C,2
2014-1,S043,INF0381,B-,2.7
2014-1,S043,INF0011,F,0
2014-1,S020,INF0271,C+,2.3
2014-1,S020,INF0521,F,0
2014-1,S020,INF0241,B+,3.3
2014-1,S020,INF0351,A,4
2014-1,S020,INF0081,C-,1.7
2014-1,S021,INF0271,C-,1.7
2014-1,S021,INF0521,C-,1.7
2014-1,S021,INF0211,B-,2.7
2014-1,S021,INF0341,B+,3.3
2014-1,S021,INF0081,C-,1.7
2014-1,S022,INF0271,B,3
2014-1,S022,INF0521,C+,2.3
2014-1,S022,INF0241,B,3
2014-1,S022,INF0351,B-,2.7
2014-1,S022,INF0081,C,2
2014-1,S031,INF0221,C-,1.7
2014-1,S031,INF0381,C+,2.3
2014-1,S031,INF0011,F,0
2014-1,S023,INF0271,B-,2.7
2014-1,S023,INF0521,F,0
2014-1,S023,INF0211,B+,3.3
2014-1,S023,INF0341,A,4
2014-1,S023,INF0081,C,2
2014-1,S024,INF0271,B-,2.7
2014-1,S024,INF0521,C+,2.3
2014-1,S024,INF0241,C-,1.7
2014-1,S024,INF0351,B,3
2014-1,S024,INF0081,C-,1.7
2014-1,S044,INF0221,F,0
2014-1,S044,INF0381,B-,2.7
2014-1,S044,INF0011,C-,1.7
2014-1,S025,INF0271,C,2
2014-1,S025,INF0521,C-,1.7
2014-1,S025,INF0241,B-,2.7
2014-1,S025,INF0351,A-,3.7
2014-1,S025,INF0081,C-,1.7
2014-1,S045,INF0221,B-,2.7
2014-1,S045,INF0381,C,2
2014-1,S045,INF0011,A-,3.7
2014-1,S046,INF0221,C+,2.3
2014-1,S046,INF0381,B,3
2014-1,S046,INF0011,F,0
2014-1,S026,INF0271,A,4
2014-1,S026,INF0521,A,4
2014-1,S026,INF0241,C,2
2014-1,S026,INF0351,A-,3.7
2014-1,S026,INF0081,B-,2.7
2014-2,S001,INF0431,A-,3.7
2014-2,S001,INF0411,B+,3.3
2014-2,S001,INF0101,B,3
2014-2,S001,INF0331,A-,3.7
2014-2,S001,INF0251,A,4
2014-2,S009,INF0571,C,2
2014-2,S009,INF0191,B-,2.7
2014-2,S009,INF0281,B-,2.7
2014-2,S009,INF0551,B+,3.3
2014-2,S010,INF0571,C+,2.3
2014-2,S010,INF0191,B-,2.7
2014-2,S010,INF0281,B+,3.3
2014-2,S010,INF0551,B,3
2014-2,S032,INF0131,C-,1.7
2014-2,S032,INF0621,C-,1.7
2014-2,S032,INF0301,B+,3.3
2014-2,S011,INF0571,C+,2.3
2014-2,S011,INF0191,B+,3.3
2014-2,S011,INF0281,B+,3.3
2014-2,S011,INF0551,B+,3.3
2014-2,S033,INF0131,F,0
2014-2,S033,INF0621,A,4
2014-2,S033,INF0301,B+,3.3
2014-2,S027,INF0131,F,0
2014-2,S027,INF0621,C+,2.3
2014-2,S027,INF0301,C+,2.3
2014-2,S002,INF0231,B-,2.7
2014-2,S002,INF0091,B-,2.7
2014-2,S002,INF0411,B,3
2014-2,S002,INF0101,B,3
2014-2,S002,INF0331,B,3
2014-2,S003,INF0411,B+,3.3
2014-2,S003,INF0101,B+,3.3
2014-2,S003,INF0331,A-,3.7
2014-2,S003,INF0251,A-,3.7
2014-2,S034,INF0131,C-,1.7
2014-2,S034,INF0621,C+,2.3
2014-2,S034,INF0301,B,3
2014-2,S035,INF0131,F,0
2014-2,S035,INF0621,C,2
2014-2,S035,INF0301,B+,3.3
2014-2,S028,INF0131,C-,1.7
2014-2,S028,INF0621,C-,1.7
2014-2,S028,INF0301,C-,1.7
2014-2,S029,INF0131,F,0
2014-2,S029,INF0621,C-,1.7
2014-2,S029,INF0301,C+,2.3
2014-2,S004,INF0091,B+,3.3
2014-2,S004,INF0411,A-,3.7
2014-2,S004,INF0101,B+,3.3
2014-2,S004,INF0331,B+,3.3
2014-2,S012,INF0571,C+,2.3
2014-2,S012,INF0191,B,3
2014-2,S012,INF0281,B-,2.7
2014-2,S012,INF0051,A-,3.7
2014-2,S036,INF0131,B-,2.7
2014-2,S036,INF0621,A,4
2014-2,S036,INF0301,A,4
2014-2,S037,INF0131,C+,2.3
2014-2,S037,INF0621,B+,3.3
2014-2,S037,INF0301,B,3
2014-2,S013,INF0571,B,3
2014-2,S013,INF0191,A-,3.7
2014-2,S013,INF0281,B+,3.3
2014-2,S013,INF0551,B+,3.3
2014-2,S014,INF0131,C,2
2014-2,S014,INF0571,C,2
2014-2,S014,INF0191,C,2
2014-2,S014,INF0281,B-,2.7
2014-2,S014,INF0051,C+,2.3
2014-2,S005,INF0231,C+,2.3
2014-2,S005,INF0411,B-,2.7
2014-2,S005,INF0101,B,3
2014-2,S005,INF0331,B,3
2014-2,S006,INF0091,B+,3.3
2014-2,S006,INF0411,C,2
2014-2,S006,INF0101,B,3
2014-2,S006,INF0331,B+,3.3
2014-2,S006,INF0251,C,2
2014-2,S030,INF0131,F,0
2014-2,S030,INF0621,C+,2.3
2014-2,S030,INF0301,B,3
2014-2,S015,INF0571,C-,1.7
2014-2,S015,INF0191,B,3
2014-2,S015,INF0281,C+,2.3
2014-2,S015,INF0051,C+,2.3
2014-2,S007,INF0231,B-,2.7
2014-2,S007,INF0091,B+,3.3
2014-2,S007,INF0411,B-,2.7
2014-2,S007,INF0101,B,3
2014-2,S007,INF0331,B+,3.3
2014-2,S016,INF0131,F,0
2014-2,S016,INF0571,F,0
2014-2,S016,INF0191,C,2
2014-2,S016,INF0281,C,2
2014-2,S016,INF0051,C+,2.3
2014-2,S017,INF0571,B-,2.7
2014-2,S017,INF0191,B,3
2014-2,S017,INF0281,A-,3.7
2014-2,S017,INF0551,B,3
2014-2,S038,INF0131,C+,2.3
2014-2,S038,INF0621,C,2
2014-2,S038,INF0301,B+,3.3
2014-2,S039,INF0131,C+,2.3
2014-2,S039,INF0621,C+,2.3
2014-2,S039,INF0301,B+,3.3
2014-2,S018,INF0571,F,0
2014-2,S018,INF0191,C-,1.7
2014-2,S018,INF0281,C-,1.7
2014-2,S018,INF0051,C,2
2014-2,S019,INF0571,C+,2.3
2014-2,S019,INF0191,B+,3.3
2014-2,S019,INF0281,A,4
2014-2,S019,INF0551,A-,3.7
2014-2,S040,INF0131,B,3
2014-2,S040,INF0621,A,4
2014-2,S040,INF0301,A,4
2014-2,S041,INF0131,C-,1.7
2014-2,S041,INF0621,C-,1.7
2014-2,S041,INF0301,B-,2.7
2014-2,S042,INF0131,F,0
2014-2,S042,INF0621,C,2
2014-2,S042,INF0301,C-,1.7
2014-2,S008,INF0411,A-,3.7
2014-2,S008,INF0101,B,3
2014-2,S008,INF0331,A-,3.7
2014-2,S008,INF0251,B-,2.7
2014-2,S043,INF0131,F,0
2014-2,S043,INF0621,C-,1.7
2014-2,S043,INF0301,B-,2.7
2014-2,S020,INF0571,C,2
2014-2,S020,INF0191,B,3
2014-2,S020,INF0281,B-,2.7
2014-2,S020,INF0051,B-,2.7
2014-2,S021,INF0131,C,2
2014-2,S021,INF0571,F,0
2014-2,S021,INF0191,C+,2.3
2014-2,S021,INF0281,C+,2.3
2014-2,S021,INF0551,B,3
2014-2,S022,INF0571,C+,2.3
2014-2,S022,INF0191,B+,3.3
2014-2,S022,INF0281,B,3
2014-2,S022,INF0051,B-,2.7
2014-2,S031,INF0131,C-,1.7
2014-2,S031,INF0621,F,0
2014-2,S031,INF0301,B-,2.7
2014-2,S023,INF0571,B-,2.7
2014-2,S023,INF0191,B+,3.3
2014-2,S023,INF0281,B+,3.3
2014-2,S023,INF0551,B,3
2014-2,S024,INF0571,B-,2.7
2014-2,S024,INF0191,B+,3.3
2014-2,S024,INF0281,B+,3.3
2014-2,S024,INF0051,B-,2.7
2014-2,S044,INF0131,C-,1.7
2014-2,S044,INF0621,C-,1.7
2014-2,S044,INF0301,B+,3.3
2014-2,S025,INF0131,C-,1.7
2014-2,S025,INF0571,C+,2.3
2014-2,S025,INF0191,B,3
2014-2,S025,INF0281,B+,3.3
2014-2,S025,INF0051,C+,2.3
2014-2,S045,INF0131,C-,1.7
2014-2,S045,INF0621,A,4
2014-2,S045,INF0301,B+,3.3
2014-2,S046,INF0131,F,0
2014-2,S046,INF0621,C-,1.7
2014-2,S046,INF0301,C,2
2014-2,S026,INF0571,A,4
2014-2,S026,INF0191,A,4
2014-2,S026,INF0281,A,4
2014-2,S026,INF0051,A,4
2014-3,S009,INF0031,C,2
2014-3,S009,INF0491,B-,2.7
2014-3,S009,INF0161,B-,2.7
2014-3,S009,INF0071,B+,3.3
2014-3,S009,INF0411,B,3
2014-3,S010,INF0031,F,0
2014-3,S010,INF0491,B,3
2014-3,S010,INF0161,B-,2.7
2014-3,S010,INF0071,B-,2.7
2014-3,S010,INF0411,B,3
2014-3,S032,INF0141,C-,1.7
2014-3,S032,INF0022,B,3
2014-3,S032,INF0601,C-,1.7
2014-3,S032,INF0291,C,2
2014-3,S011,INF0031,C,2
2014-3,S011,INF0491,B+,3.3
2014-3,S011,INF0161,B+,3.3
2014-3,S011,INF0071,B-,2.7
2014-3,S011,INF0411,B,3
2014-3,S033,INF0141,F,0
2014-3,S033,INF0022,B,3
2014-3,S033,INF0601,B,3
2014-3,S033,INF0291,B+,3.3
2014-3,S027,INF0141,C-,1.7
2014-3,S027,INF0022,C+,2.3
2014-3,S027,INF0601,C-,1.7
2014-3,S027,INF0291,F,0
2014-3,S002,INF0441,B-,2.7
2014-3,S002,INF0431,F,0
2014-3,S002,INF0291,B,3
2014-3,S034,INF0141,F,0
2014-3,S034,INF0022,C-,1.7
2014-3,S034,INF0601,F,0
2014-3,S034,INF0291,F,0
2014-3,S035,INF0141,C+,2.3
2014-3,S035,INF0022,B,3
2014-3,S035,INF0601,C,2
2014-3,S035,INF0291,B,3
2014-3,S028,INF0141,F,0
2014-3,S028,INF0022,C+,2.3
2014-3,S028,INF0601,F,0
2014-3,S028,INF0291,F,0
2014-3,S029,INF0141,F,0
2014-3,S029,INF0022,C-,1.7
2014-3,S029,INF0601,C-,1.7
2014-3,S029,INF0291,F,0
2014-3,S004,INF0621,A,4
2014-3,S004,INF0301,B,3
2014-3,S004,INF0291,A-,3.7
2014-3,S004,INF0581,A,4
2014-3,S012,INF0031,C+,2.3
2014-3,S012,INF0491,B-,2.7
2014-3,S012,INF0161,B+,3.3
2014-3,S012,INF0511,B+,3.3
2014-3,S012,INF0411,A-,3.7
2014-3,S036,INF0141,B,3
2014-3,S036,INF0022,A-,3.7
2014-3,S036,INF0601,B+,3.3
2014-3,S036,INF0291,A,4
2014-3,S037,INF0141,B-,2.7
2014-3,S037,INF0022,A-,3.7
2014-3,S037,INF0601,C+,2.3
2014-3,S037,INF0291,C+,2.3
2014-3,S013,INF0031,C+,2.3
2014-3,S013,INF0491,B+,3.3
2014-3,S013,INF0161,B+,3.3
2014-3,S013,INF0071,A-,3.7
2014-3,S013,INF0411,B,3
2014-3,S014,INF0031,C-,1.7
2014-3,S014,INF0491,B,3
2014-3,S014,INF0161,B,3
2014-3,S014,INF0511,B,3
2014-3,S014,INF0411,B,3
2014-3,S005,INF0621,B-,2.7
2014-3,S005,INF0291,B-,2.7
2014-3,S005,INF0581,C,2
2014-3,S006,INF0291,C+,2.3
2014-3,S030,INF0141,F,0
2014-3,S030,INF0022,C-,1.7
2014-3,S030,INF0601,C,2
2014-3,S030,INF0291,B-,2.7
2014-3,S015,INF0031,C,2
2014-3,S015,INF0491,B-,2.7
2014-3,S015,INF0161,B-,2.7
2014-3,S015,INF0511,C,2
2014-3,S015,INF0411,C-,1.7
2014-3,S007,INF0621,B,3
2014-3,S007,INF0291,C,2
2014-3,S007,INF0581,B-,2.7
2014-3,S016,INF0031,C,2
2014-3,S016,INF0491,C,2
2014-3,S016,INF0161,C+,2.3
2014-3,S016,INF0511,C-,1.7
2014-3,S016,INF0411,C+,2.3
2014-3,S017,INF0031,B+,3.3
2014-3,S017,INF0491,B,3
2014-3,S017,INF0161,B,3
2014-3,S017,INF0071,A,4
2014-3,S017,INF0411,C+,2.3
2014-3,S038,INF0141,B+,3.3
2014-3,S038,INF0022,A,4
2014-3,S038,INF0601,C+,2.3
2014-3,S038,INF0291,B-,2.7
2014-3,S039,INF0141,A,4
2014-3,S039,INF0022,A-,3.7
2014-3,S039,INF0601,B-,2.7
2014-3,S039,INF0291,C+,2.3
2014-3,S018,INF0031,C-,1.7
2014-3,S018,INF0491,C,2
2014-3,S018,INF0161,B-,2.7
2014-3,S018,INF0511,C+,2.3
2014-3,S018,INF0411,F,0
2014-3,S019,INF0031,B-,2.7
2014-3,S019,INF0491,B-,2.7
2014-3,S019,INF0161,B+,3.3
2014-3,S019,INF0071,B-,2.7
2014-3,S019,INF0411,C+,2.3
2014-3,S040,INF0141,A-,3.7
2014-3,S040,INF0022,A,4
2014-3,S040,INF0601,A,4
2014-3,S040,INF0291,A,4
2014-3,S041,INF0141,F,0
2014-3,S041,INF0022,C,2
2014-3,S041,INF0601,F,0
2014-3,S041,INF0291,F,0
2014-3,S042,INF0141,F,0
2014-3,S042,INF0022,B-,2.7
2014-3,S042,INF0601,F,0
2014-3,S042,INF0291,F,0
2014-3,S008,INF0431,B,3
2014-3,S043,INF0141,F,0
2014-3,S043,INF0022,F,0
2014-3,S043,INF0601,C,2
2014-3,S043,INF0291,C,2
2014-3,S020,INF0031,F,0
2014-3,S020,INF0491,B-,2.7
2014-3,S020,INF0161,B,3
2014-3,S020,INF0511,C+,2.3
2014-3,S020,INF0411,C,2
2014-3,S021,INF0031,F,0
2014-3,S021,INF0491,C,2
2014-3,S021,INF0161,C-,1.7
2014-3,S021,INF0071,A-,3.7
2014-3,S021,INF0411,C-,1.7
2014-3,S022,INF0031,F,0
2014-3,S022,INF0491,B,3
2014-3,S022,INF0161,B,3
2014-3,S022,INF0511,B,3
2014-3,S022,INF0411,C,2
2014-3,S031,INF0141,F,0
2014-3,S031,INF0022,C-,1.7
2014-3,S031,INF0601,C-,1.7
2014-3,S031,INF0291,F,0
2014-3,S023,INF0031,C+,2.3
2014-3,S023,INF0491,B+,3.3
2014-3,S023,INF0161,B,3
2014-3,S023,INF0071,B+,3.3
2014-3,S023,INF0411,C+,2.3
2014-3,S024,INF0031,F,0
2014-3,S024,INF0491,B,3
2014-3,S024,INF0161,B,3
2014-3,S024,INF0511,B-,2.7
2014-3,S024,INF0411,C+,2.3
2014-3,S044,INF0141,F,0
2014-3,S044,INF0022,C-,1.7
2014-3,S044,INF0601,F,0
2014-3,S044,INF0291,C-,1.7
2014-3,S025,INF0031,C,2
2014-3,S025,INF0491,B,3
2014-3,S025,INF0161,C+,2.3
2014-3,S025,INF0511,C+,2.3
2014-3,S025,INF0411,C-,1.7
2014-3,S045,INF0141,B,3
2014-3,S045,INF0022,B+,3.3
2014-3,S045,INF0601,C+,2.3
2014-3,S045,INF0291,A-,3.7
2014-3,S046,INF0141,F,0
2014-3,S046,INF0022,A-,3.7
2014-3,S046,INF0601,C-,1.7
2014-3,S046,INF0291,F,0
2014-3,S026,INF0031,C+,2.3
2014-3,S026,INF0491,A-,3.7
2014-3,S026,INF0161,A-,3.7
2014-3,S026,INF0511,A-,3.7
2014-3,S026,INF0411,B,3
2015-1,S049,INF0221,F,0
2015-1,S049,INF0381,B-,2.7
2015-1,S049,INF0011,C-,1.7
2015-1,S049,INF0132,F,0
2015-1,S050,INF0221,F,0
2015-1,S050,INF0381,B-,2.7
2015-1,S050,INF0011,C-,1.7
2015-1,S050,INF0132,C-,1.7
2015-1,S001,INF0671,A-,3.7
2015-1,S051,INF0221,C+,2.3
2015-1,S051,INF0381,B-,2.7
2015-1,S051,INF0011,C-,1.7
2015-1,S051,INF0132,B,3
2015-1,S052,INF0221,B-,2.7
2015-1,S052,INF0381,B+,3.3
2015-1,S052,INF0011,B,3
2015-1,S052,INF0132,C+,2.3
2015-1,S053,INF0221,A,4
2015-1,S053,INF0381,B,3
2015-1,S053,INF0011,B,3
2015-1,S053,INF0132,B-,2.7
2015-1,S009,INF0221,B-,2.7
2015-1,S009,INF0651,B-,2.7
2015-1,S009,INF0121,A-,3.7
2015-1,S009,INF0661,F,0
2015-1,S009,INF0261,B,3
2015-1,S009,INF0321,C+,2.3
2015-1,S010,INF0011,C+,2.3
2015-1,S010,INF0651,C,2
2015-1,S010,INF0121,B+,3.3
2015-1,S010,INF0661,A-,3.7
2015-1,S010,INF0261,B-,2.7
2015-1,S010,INF0321,B+,3.3
2015-1,S032,INF0271,B+,3.3
2015-1,S032,INF0521,F,0
2015-1,S032,INF0501,B-,2.7
2015-1,S032,INF0531,C+,2.3
2015-1,S032,INF0081,B,3
2015-1,S011,INF0011,C+,2.3
2015-1,S011,INF0651,B,3
2015-1,S011,INF0121,B,3
2015-1,S011,INF0661,A-,3.7
2015-1,S011,INF0261,A-,3.7
2015-1,S011,INF0321,A-,3.7
2015-1,S033,INF0271,B-,2.7
2015-1,S033,INF0521,A-,3.7
2015-1,S033,INF0501,B-,2.7
2015-1,S033,INF0531,B-,2.7
2015-1,S033,INF0081,C+,2.3
2015-1,S054,INF0221,C+,2.3
2015-1,S054,INF0381,B+,3.3
2015-1,S054,INF0011,C-,1.7
2015-1,S054,INF0132,C,2
2015-1,S027,INF0271,B,3
2015-1,S027,INF0521,C-,1.7
2015-1,S027,INF0501,C+,2.3
2015-1,S027,INF0531,C,2
2015-1,S027,INF0081,C+,2.3
2015-1,S002,INF0321,B-,2.7
2015-1,S003,INF0671,F,0
2015-1,S055,INF0221,C-,1.7
2015-1,S055,INF0381,B,3
2015-1,S055,INF0011,B,3
2015-1,S055,INF0132,C+,2.3
2015-1,S034,INF0271,C,2
2015-1,S034,INF0521,C+,2.3
2015-1,S034,INF0501,C+,2.3
2015-1,S034,INF0531,B-,2.7
2015-1,S034,INF0081,C+,2.3
2015-1,S035,INF0271,B+,3.3
2015-1,S035,INF0521,C-,1.7
2015-1,S035,INF0501,B+,3.3
2015-1,S035,INF0531,B-,2.7
2015-1,S035,INF0081,C-,1.7
2015-1,S028,INF0271,B+,3.3
2015-1,S028,INF0521,C+,2.3
2015-1,S028,INF0501,C+,2.3
2015-1,S028,INF0531,B-,2.7
2015-1,S028,INF0081,B-,2.7
2015-1,S056,INF0221,C,2
2015-1,S056,INF0381,B-,2.7
2015-1,S056,INF0011,F,0
2015-1,S056,INF0132,C-,1.7
2015-1,S029,INF0271,B-,2.7
2015-1,S029,INF0521,C+,2.3
2015-1,S029,INF0501,C+,2.3
2015-1,S029,INF0531,C+,2.3
2015-1,S029,INF0081,C,2
2015-1,S057,INF0221,C+,2.3
2015-1,S057,INF0381,B,3
2015-1,S057,INF0011,B,3
2015-1,S057,INF0132,B-,2.7
2015-1,S058,INF0221,C+,2.3
2015-1,S058,INF0381,B+,3.3
2015-1,S058,INF0011,F,0
2015-1,S058,INF0132,C+,2.3
2015-1,S004,INF0671,F,0
2015-1,S059,INF0221,A,4
2015-1,S059,INF0381,A,4
2015-1,S059,INF0011,A,4
2015-1,S059,INF0132,A,4
2015-1,S012,INF0521,A-,3.7
2015-1,S012,INF0651,B,3
2015-1,S012,INF0121,A-,3.7
2015-1,S012,INF0321,A,4
2015-1,S012,INF0201,B,3
2015-1,S036,INF0271,A-,3.7
2015-1,S036,INF0521,A,4
2015-1,S036,INF0501,A-,3.7
2015-1,S036,INF0531,B-,2.7
2015-1,S036,INF0081,B-,2.7
2015-1,S037,INF0271,B,3
2015-1,S037,INF0521,C,2
2015-1,S037,INF0501,A-,3.7
2015-1,S037,INF0531,B-,2.7
2015-1,S037,INF0081,B,3
2015-1,S060,INF0221,F,0
2015-1,S060,INF0381,B-,2.7
2015-1,S060,INF0011,F,0
2015-1,S060,INF0132,C-,1.7
2015-1,S013,INF0651,A-,3.7
2015-1,S013,INF0121,A,4
2015-1,S013,INF0661,A-,3.7
2015-1,S013,INF0261,B+,3.3
2015-1,S013,INF0321,B+,3.3
2015-1,S014,INF0011,C-,1.7
2015-1,S014,INF0651,B-,2.7
2015-1,S014,INF0121,A,4
2015-1,S014,INF0321,B+,3.3
2015-1,S014,INF0201,B,3
2015-1,S005,INF0271,C+,2.3
2015-1,S006,INF0671,B,3
2015-1,S061,INF0221,C-,1.7
2015-1,S061,INF0381,B-,2.7
2015-1,S061,INF0011,F,0
2015-1,S061,INF0132,F,0
2015-1,S030,INF0271,C+,2.3
2015-1,S030,INF0521,C+,2.3
2015-1,S030,INF0501,C-,1.7
2015-1,S030,INF0531,B+,3.3
2015-1,S030,INF0081,A-,3.7
2015-1,S062,INF0221,C,2
2015-1,S062,INF0381,B+,3.3
2015-1,S062,INF0011,B-,2.7
2015-1,S062,INF0132,B,3
2015-1,S015,INF0011,C+,2.3
2015-1,S015,INF0651,B+,3.3
2015-1,S015,INF0121,A,4
2015-1,S015,INF0321,B+,3.3
2015-1,S015,INF0201,B+,3.3
2015-1,S047,INF0221,F,0
2015-1,S047,INF0381,B-,2.7
2015-1,S047,INF0011,F,0
2015-1,S047,INF0132,C-,1.7
2015-1,S063,INF0221,F,0
2015-1,S063,INF0381,B-,2.7
2015-1,S063,INF0011,F,0
2015-1,S063,INF0132,C,2
2015-1,S007,INF0671,C+,2.3
2015-1,S016,INF0011,C-,1.7
2015-1,S016,INF0651,C,2
2015-1,S016,INF0121,A-,3.7
2015-1,S016,INF0321,C+,2.3
2015-1,S016,INF0201,B-,2.7
2015-1,S064,INF0221,C,2
2015-1,S064,INF0381,C,2
2015-1,S064,INF0011,C+,2.3
2015-1,S064,INF0132,B-,2.7
2015-1,S017,INF0011,A,4
2015-1,S017,INF0651,B+,3.3
2015-1,S017,INF0121,A,4
2015-1,S017,INF0661,A-,3.7
2015-1,S017,INF0261,B,3
2015-1,S017,INF0321,A-,3.7
2015-1,S038,INF0271,A-,3.7
2015-1,S038,INF0521,B,3
2015-1,S038,INF0501,A-,3.7
2015-1,S038,INF0531,B,3
2015-1,S038,INF0081,B,3
2015-1,S039,INF0271,A,4
2015-1,S039,INF0521,B-,2.7
2015-1,S039,INF0501,B+,3.3
2015-1,S039,INF0531,B,3
2015-1,S039,INF0081,B-,2.7
2015-1,S018,INF0011,C-,1.7
2015-1,S018,INF0651,C+,2.3
2015-1,S018,INF0121,C,2
2015-1,S018,INF0321,B,3
2015-1,S018,INF0201,B,3
2015-1,S065,INF0221,C-,1.7
2015-1,S065,INF0381,B-,2.7
2015-1,S065,INF0011,C-,1.7
2015-1,S065,INF0132,C+,2.3
2015-1,S019,INF0651,C,2
2015-1,S019,INF0121,A-,3.7
2015-1,S019,INF0661,A-,3.7
2015-1,S019,INF0261,A-,3.7
2015-1,S019,INF0321,B,3
2015-1,S040,INF0271,A,4
2015-1,S040,INF0521,A,4
2015-1,S040,INF0501,A,4
2015-1,S040,INF0531,A-,3.7
2015-1,S040,INF0081,A,4
2015-1,S041,INF0271,C,2
2015-1,S041,INF0521,F,0
2015-1,S041,INF0501,F,0
2015-1,S041,INF0531,C+,2.3
2015-1,S041,INF0081,C-,1.7
2015-1,S042,INF0271,B,3
2015-1,S042,INF0521,B-,2.7
2015-1,S042,INF0501,C,2
2015-1,S042,INF0531,B,3
2015-1,S042,INF0081,B-,2.7
2015-1,S008,INF0671,A-,3.7
2015-1,S043,INF0271,C-,1.7
2015-1,S043,INF0521,F,0
2015-1,S043,INF0501,C+,2.3
2015-1,S043,INF0531,B,3
2015-1,S043,INF0081,C-,1.7
2015-1,S048,INF0271,B-,2.7
2015-1,S048,INF0501,C+,2.3
2015-1,S048,INF0081,C,2
2015-1,S066,INF0221,C+,2.3
2015-1,S066,INF0381,C+,2.3
2015-1,S066,INF0011,C-,1.7
2015-1,S066,INF0132,C+,2.3
2015-1,S067,INF0221,B-,2.7
2015-1,S067,INF0381,B-,2.7
2015-1,S067,INF0011,C-,1.7
2015-1,S067,INF0132,C+,2.3
2015-1,S020,INF0011,C,2
2015-1,S020,INF0651,B,3
2015-1,S020,INF0121,B+,3.3
2015-1,S020,INF0321,C+,2.3
2015-1,S020,INF0201,B,3
2015-1,S021,INF0011,C-,1.7
2015-1,S021,INF0651,C-,1.7
2015-1,S021,INF0121,B-,2.7
2015-1,S021,INF0661,A-,3.7
2015-1,S021,INF0261,B-,2.7
2015-1,S021,INF0321,C,2
2015-1,S068,INF0221,C,2
2015-1,S068,INF0381,C,2
2015-1,S068,INF0011,F,0
2015-1,S068,INF0132,C-,1.7
2015-1,S069,INF0221,C-,1.7
2015-1,S069,INF0381,B-,2.7
2015-1,S069,INF0011,C,2
2015-1,S069,INF0132,C+,2.3
2015-1,S070,INF0221,F,0
2015-1,S070,INF0381,C+,2.3
2015-1,S070,INF0011,F,0
2015-1,S070,INF0132,F,0
2015-1,S022,INF0011,C,2
2015-1,S022,INF0651,B,3
2015-1,S022,INF0121,A-,3.7
2015-1,S022,INF0321,B,3
2015-1,S022,INF0201,B,3
2015-1,S071,INF0221,F,0
2015-1,S071,INF0381,C,2
2015-1,S071,INF0011,F,0
2015-1,S071,INF0132,F,0
2015-1,S072,INF0221,C+,2.3
2015-1,S072,INF0381,B+,3.3
2015-1,S072,INF0011,C-,1.7
2015-1,S072,INF0132,C-,1.7
2015-1,S031,INF0271,B-,2.7
2015-1,S031,INF0521,C,2
2015-1,S031,INF0501,C,2
2015-1,S031,INF0531,C+,2.3
2015-1,S031,INF0081,C-,1.7
2015-1,S023,INF0651,C+,2.3
2015-1,S023,INF0121,B+,3.3
2015-1,S023,INF0661,A-,3.7
2015-1,S023,INF0261,A,4
2015-1,S023,INF0321,C+,2.3
2015-1,S024,INF0011,C,2
2015-1,S024,INF0651,B,3
2015-1,S024,INF0121,B+,3.3
2015-1,S024,INF0321,B,3
2015-1,S024,INF0201,B+,3.3
2015-1,S073,INF0221,B+,3.3
2015-1,S073,INF0381,B+,3.3
2015-1,S073,INF0011,C-,1.7
2015-1,S073,INF0132,C+,2.3
2015-1,S074,INF0221,F,0
2015-1,S074,INF0381,B,3
2015-1,S074,INF0011,A-,3.7
2015-1,S074,INF0132,C+,2.3
2015-1,S044,INF0271,C-,1.7
2015-1,S044,INF0521,C+,2.3
2015-1,S044,INF0501,C,2
2015-1,S044,INF0531,B,3
2015-1,S044,INF0081,F,0
2015-1,S075,INF0221,F,0
2015-1,S075,INF0381,B,3
2015-1,S075,INF0011,C-,1.7
2015-1,S075,INF0132,C,2
2015-1,S076,INF0221,A,4
2015-1,S076,INF0381,A,4
2015-1,S076,INF0011,A,4
2015-1,S076,INF0132,A,4
2015-1,S025,INF0011,C-,1.7
2015-1,S025,INF0651,B-,2.7
2015-1,S025,INF0121,B+,3.3
2015-1,S025,INF0321,B,3
2015-1,S025,INF0201,B-,2.7
2015-1,S077,INF0221,A-,3.7
2015-1,S077,INF0381,A-,3.7
2015-1,S077,INF0011,A,4
2015-1,S077,INF0132,A-,3.7
2015-1,S078,INF0221,C+,2.3
2015-1,S078,INF0381,B+,3.3
2015-1,S078,INF0011,C+,2.3
2015-1,S078,INF0132,B-,2.7
2015-1,S045,INF0271,B,3
2015-1,S045,INF0521,B-,2.7
2015-1,S045,INF0501,B+,3.3
2015-1,S045,INF0531,B,3
2015-1,S045,INF0081,C+,2.3
2015-1,S079,INF0221,B-,2.7
2015-1,S079,INF0381,B,3
2015-1,S079,INF0011,F,0
2015-1,S079,INF0132,C+,2.3
2015-1,S080,INF0221,A,4
2015-1,S080,INF0381,B+,3.3
2015-1,S080,INF0011,A-,3.7
2015-1,S080,INF0132,A,4
2015-1,S081,INF0221,F,0
2015-1,S081,INF0381,C,2
2015-1,S081,INF0011,F,0
2015-1,S081,INF0132,F,0
2015-1,S082,INF0221,F,0
2015-1,S082,INF0381,B-,2.7
2015-1,S082,INF0011,C-,1.7
2015-1,S082,INF0132,C+,2.3
2015-1,S083,INF0221,A-,3.7
2015-1,S083,INF0381,A-,3.7
2015-1,S083,INF0011,A-,3.7
2015-1,S083,INF0132,A-,3.7
2015-1,S084,INF0221,F,0
2015-1,S084,INF0381,C,2
2015-1,S084,INF0011,B+,3.3
2015-1,S084,INF0132,C-,1.7
2015-1,S085,INF0221,A,4
2015-1,S085,INF0381,A,4
2015-1,S085,INF0011,A,4
2015-1,S085,INF0132,A,4
2015-1,S046,INF0271,C+,2.3
2015-1,S046,INF0521,F,0
2015-1,S046,INF0501,C-,1.7
2015-1,S046,INF0531,B-,2.7
2015-1,S046,INF0081,C-,1.7
2015-1,S086,INF0221,C+,2.3
2015-1,S086,INF0381,B,3
2015-1,S086,INF0011,C-,1.7
2015-1,S086,INF0132,C+,2.3
2015-1,S026,INF0651,A,4
2015-1,S026,INF0121,A,4
2015-1,S026,INF0531,F,0
2015-1,S026,INF0321,A,4
2015-1,S026,INF0201,A,4
2015-1,S087,INF0221,C+,2.3
2015-1,S087,INF0381,B-,2.7
2015-1,S087,INF0011,F,0
2015-1,S087,INF0132,C,2
2015-1,S088,INF0221,B,3
2015-1,S088,INF0381,B-,2.7
2015-1,S088,INF0011,B+,3.3
2015-1,S088,INF0132,B-,2.7
2015-2,S049,INF0621,C-,1.7
2015-2,S049,INF0141,C-,1.7
2015-2,S049,INF0301,C,2
2015-2,S049,INF0611,E,0
2015-2,S050,INF0621,C+,2.3
2015-2,S050,INF0141,C+,2.3
2015-2,S050,INF0301,C,2
2015-2,S050,INF0611,C+,2.3
2015-2,S051,INF0621,C-,1.7
2015-2,S051,INF0141,B-,2.7
2015-2,S051,INF0301,C-,1.7
2015-2,S051,INF0611,B,3
2015-2,S052,INF0621,B,3
2015-2,S052,INF0141,B+,3.3
2015-2,S052,INF0301,B,3
2015-2,S052,INF0611,B+,3.3
2015-2,S053,INF0621,A,4
2015-2,S053,INF0141,B-,2.7
2015-2,S053,INF0301,A-,3.7
2015-2,S053,INF0611,C-,1.7
2015-2,S009,INF0621,A,4
2015-2,S009,INF0571,B-,2.7
2015-2,S009,INF0421,B+,3.3
2015-2,S009,INF0171,C-,1.7
2015-2,S009,INF0061,B+,3.3
2015-2,S009,INF0152,E,0
2015-2,S010,INF0421,B+,3.3
2015-2,S010,INF0171,C,2
2015-2,S010,INF0061,B+,3.3
2015-2,S010,INF0152,C,2
2015-2,S032,INF0571,C,2
2015-2,S032,INF0191,C+,2.3
2015-2,S032,INF0281,C+,2.3
2015-2,S032,INF0341,C-,1.7
2015-2,S032,INF0551,B+,3.3
2015-2,S011,INF0421,A-,3.7
2015-2,S011,INF0171,C+,2.3
2015-2,S011,INF0061,B+,3.3
2015-2,S011,INF0152,C+,2.3
2015-2,S033,INF0571,C+,2.3
2015-2,S033,INF0191,A-,3.7
2015-2,S033,INF0281,B+,3.3
2015-2,S033,INF0341,B-,2.7
2015-2,S033,INF0551,B+,3.3
2015-2,S054,INF0621,C-,1.7
2015-2,S054,INF0141,B-,2.7
2015-2,S054,INF0301,C,2
2015-2,S054,INF0611,C-,1.7
2015-2,S027,INF0571,C,2
2015-2,S027,INF0191,C+,2.3
2015-2,S027,INF0281,C+,2.3
2015-2,S027,INF0241,B,3
2015-2,S027,INF0351,B+,3.3
2015-2,S002,INF0601,E,0
2015-2,S002,INF0431,C-,1.7
2015-2,S003,INF0671,E,0
2015-2,S055,INF0621,A,4
2015-2,S055,INF0141,C+,2.3
2015-2,S055,INF0301,A,4
2015-2,S055,INF0611,C,2
2015-2,S034,INF0571,D,1
2015-2,S034,INF0191,B+,3.3
2015-2,S034,INF0281,C-,1.7
2015-2,S034,INF0341,C-,1.7
2015-2,S034,INF0551,B-,2.7
2015-2,S035,INF0571,B-,2.7
2015-2,S035,INF0191,B,3
2015-2,S035,INF0281,C,2
2015-2,S035,INF0341,C+,2.3
2015-2,S035,INF0551,B,3
2015-2,S028,INF0571,C,2
2015-2,S028,INF0191,C,2
2015-2,S028,INF0281,C-,1.7
2015-2,S028,INF0241,B-,2.7
2015-2,S028,INF0351,C+,2.3
2015-2,S056,INF0621,E,0
2015-2,S056,INF0141,C-,1.7
2015-2,S056,INF0301,C,2
2015-2,S056,INF0611,C,2
2015-2,S029,INF0571,C,2
2015-2,S029,INF0191,C+,2.3
2015-2,S029,INF0281,C,2
2015-2,S029,INF0241,B+,3.3
2015-2,S029,INF0351,B+,3.3
2015-2,S057,INF0621,A,4
2015-2,S057,INF0141,C+,2.3
2015-2,S057,INF0301,B,3
2015-2,S057,INF0611,C,2
2015-2,S058,INF0621,E,0
2015-2,S058,INF0141,C+,2.3
2015-2,S058,INF0301,D,1
2015-2,S058,INF0611,C,2
2015-2,S004,INF0671,E,0
2015-2,S059,INF0621,A,4
2015-2,S059,INF0141,A,4
2015-2,S059,INF0301,A,4
2015-2,S059,INF0611,A,4
2015-2,S012,INF0421,B,3
2015-2,S012,INF0171,C+,2.3
2015-2,S012,INF0541,A-,3.7
2015-2,S012,INF0152,B-,2.7
2015-2,S036,INF0571,A-,3.7
2015-2,S036,INF0191,A,4
2015-2,S036,INF0281,A-,3.7
2015-2,S036,INF0341,B,3
2015-2,S036,INF0551,A,4
2015-2,S037,INF0571,C+,2.3
2015-2,S037,INF0191,B+,3.3
2015-2,S037,INF0281,B+,3.3
2015-2,S037,INF0341,C+,2.3
2015-2,S037,INF0551,B,3
2015-2,S060,INF0621,D,1
2015-2,S060,INF0141,C,2
2015-2,S060,INF0301,C+,2.3
2015-2,S060,INF0611,C-,1.7
2015-2,S013,INF0421,A-,3.7
2015-2,S013,INF0171,B-,2.7
2015-2,S013,INF0061,A,4
2015-2,S013,INF0152,B+,3.3
2015-2,S014,INF0141,C+,2.3
2015-2,S014,INF0601,C+,2.3
2015-2,S014,INF0421,A,4
2015-2,S014,INF0171,C,2
2015-2,S014,INF0541,B+,3.3
2015-2,S014,INF0152,C+,2.3
2015-2,S005,INF0571,C,2
2015-2,S005,INF0671,E,0
2015-2,S061,INF0621,C-,1.7
2015-2,S061,INF0141,C,2
2015-2,S061,INF0301,C+,2.3
2015-2,S061,INF0611,D,1
2015-2,S030,INF0571,C,2
2015-2,S030,INF0191,B+,3.3
2015-2,S030,INF0281,B-,2.7
2015-2,S030,INF0241,B+,3.3
2015-2,S030,INF0351,A-,3.7
2015-2,S062,INF0621,A,4
2015-2,S062,INF0141,B-,2.7
2015-2,S062,INF0301,B,3
2015-2,S062,INF0611,C+,2.3
2015-2,S015,INF0141,C,2
2015-2,S015,INF0601,B,3
2015-2,S015,INF0421,A-,3.7
2015-2,S015,INF0171,C,2
2015-2,S015,INF0541,C+,2.3
2015-2,S015,INF0152,B-,2.7
2015-2,S047,INF0621,D,1
2015-2,S047,INF0141,C,2
2015-2,S047,INF0301,B-,2.7
2015-2,S047,INF0611,C-,1.7
2015-2,S063,INF0621,E,0
2015-2,S063,INF0141,C-,1.7
2015-2,S063,INF0301,C,2
2015-2,S063,INF0611,B-,2.7
2015-2,S016,INF0621,D,1
2015-2,S016,INF0601,B+,3.3
2015-2,S016,INF0421,B,3
2015-2,S016,INF0171,C-,1.7
2015-2,S016,INF0541,E,0
2015-2,S016,INF0152,B-,2.7
2015-2,S064,INF0621,C-,1.7
2015-2,S064,INF0141,B,3
2015-2,S064,INF0301,B-,2.7
2015-2,S064,INF0611,C,2
2015-2,S017,INF0421,B,3
2015-2,S017,INF0171,C+,2.3
2015-2,S017,INF0061,B+,3.3
2015-2,S017,INF0152,B,3
2015-2,S038,INF0571,B+,3.3
2015-2,S038,INF0191,A-,3.7
2015-2,S038,INF0281,B,3
2015-2,S038,INF0341,C+,2.3
2015-2,S038,INF0551,B-,2.7
2015-2,S039,INF0571,B,3
2015-2,S039,INF0191,A-,3.7
2015-2,S039,INF0281,B+,3.3
2015-2,S039,INF0241,A-,3.7
2015-2,S039,INF0351,B,3
2015-2,S018,INF0621,D,1
2015-2,S018,INF0141,D,1
2015-2,S018,INF0421,C+,2.3
2015-2,S018,INF0171,E,0
2015-2,S018,INF0541,E,0
2015-2,S018,INF0152,E,0
2015-2,S065,INF0621,C+,2.3
2015-2,S065,INF0141,B-,2.7
2015-2,S065,INF0301,C,2
2015-2,S065,INF0611,D,1
2015-2,S019,INF0421,B+,3.3
2015-2,S019,INF0171,C+,2.3
2015-2,S019,INF0061,B+,3.3
2015-2,S019,INF0152,C+,2.3
2015-2,S040,INF0571,A,4
2015-2,S040,INF0191,A,4
2015-2,S040,INF0281,A,4
2015-2,S040,INF0341,A,4
2015-2,S040,INF0551,A,4
2015-2,S041,INF0571,C-,1.7
2015-2,S041,INF0191,B-,2.7
2015-2,S041,INF0281,C+,2.3
2015-2,S041,INF0341,C,2
2015-2,S041,INF0551,B-,2.7
2015-2,S042,INF0571,C+,2.3
2015-2,S042,INF0191,B,3
2015-2,S042,INF0281,B-,2.7
2015-2,S042,INF0341,C,2
2015-2,S042,INF0551,B+,3.3
2015-2,S043,INF0571,C+,2.3
2015-2,S043,INF0191,B,3
2015-2,S043,INF0281,B,3
2015-2,S043,INF0341,B-,2.7
2015-2,S043,INF0551,B-,2.7
2015-2,S048,INF0571,C-,1.7
2015-2,S048,INF0191,B+,3.3
2015-2,S048,INF0281,C-,1.7
2015-2,S048,INF0341,B,3
2015-2,S048,INF0551,B-,2.7
2015-2,S066,INF0621,C+,2.3
2015-2,S066,INF0141,B-,2.7
2015-2,S066,INF0301,B-,2.7
2015-2,S066,INF0611,C-,1.7
2015-2,S067,INF0621,D,1
2015-2,S067,INF0141,B-,2.7
2015-2,S067,INF0301,B-,2.7
2015-2,S067,INF0611,C+,2.3
2015-2,S020,INF0141,B-,2.7
2015-2,S020,INF0601,A-,3.7
2015-2,S020,INF0421,A-,3.7
2015-2,S020,INF0171,C,2
2015-2,S020,INF0541,B,3
2015-2,S020,INF0152,B-,2.7
2015-2,S021,INF0141,C+,2.3
2015-2,S021,INF0601,B-,2.7
2015-2,S021,INF0421,B-,2.7
2015-2,S021,INF0171,C-,1.7
2015-2,S021,INF0061,B,3
2015-2,S021,INF0152,D,1
2015-2,S068,INF0621,C-,1.7
2015-2,S068,INF0141,B-,2.7
2015-2,S068,INF0301,C,2
2015-2,S068,INF0611,D,1
2015-2,S069,INF0621,D,1
2015-2,S069,INF0141,C+,2.3
2015-2,S069,INF0301,B-,2.7
2015-2,S069,INF0611,C+,2.3
2015-2,S070,INF0621,D,1
2015-2,S070,INF0141,D,1
2015-2,S070,INF0301,C,2
2015-2,S070,INF0611,D,1
2015-2,S022,INF0621,E,0
2015-2,S022,INF0141,C+,2.3
2015-2,S022,INF0421,A-,3.7
2015-2,S022,INF0171,C,2
2015-2,S022,INF0541,B,3
2015-2,S022,INF0152,C+,2.3
2015-2,S071,INF0621,E,0
2015-2,S071,INF0141,C,2
2015-2,S071,INF0301,C,2
2015-2,S071,INF0611,C,2
2015-2,S072,INF0621,C,2
2015-2,S072,INF0141,B-,2.7
2015-2,S072,INF0301,C+,2.3
2015-2,S072,INF0611,C+,2.3
2015-2,S031,INF0571,C,2
2015-2,S031,INF0191,A-,3.7
2015-2,S031,INF0281,B-,2.7
2015-2,S031,INF0241,B+,3.3
2015-2,S031,INF0351,B,3
2015-2,S023,INF0601,B,3
2015-2,S023,INF0421,B,3
2015-2,S023,INF0171,C+,2.3
2015-2,S023,INF0061,B+,3.3
2015-2,S023,INF0152,C+,2.3
2015-2,S024,INF0141,C+,2.3
2015-2,S024,INF0421,B+,3.3
2015-2,S024,INF0171,C,2
2015-2,S024,INF0541,C,2
2015-2,S024,INF0152,C,2
2015-2,S073,INF0621,C-,1.7
2015-2,S073,INF0141,B,3
2015-2,S073,INF0301,C,2
2015-2,S073,INF0611,B-,2.7
2015-2,S074,INF0621,C,2
2015-2,S074,INF0141,C,2
2015-2,S074,INF0301,C+,2.3
2015-2,S074,INF0611,D,1
2015-2,S044,INF0571,C-,1.7
2015-2,S044,INF0191,B-,2.7
2015-2,S044,INF0281,C,2
2015-2,S044,INF0341,C+,2.3
2015-2,S044,INF0551,B,3
2015-2,S075,INF0621,D,1
2015-2,S075,INF0141,C,2
2015-2,S075,INF0301,B-,2.7
2015-2,S075,INF0611,C+,2.3
2015-2,S076,INF0621,A,4
2015-2,S076,INF0141,A,4
2015-2,S076,INF0301,A,4
2015-2,S076,INF0611,A,4
2015-2,S025,INF0141,C+,2.3
2015-2,S025,INF0601,B,3
2015-2,S025,INF0421,B,3
2015-2,S025,INF0171,C,2
2015-2,S025,INF0541,B-,2.7
2015-2,S025,INF0152,B-,2.7
2015-2,S077,INF0621,A,4
2015-2,S077,INF0141,A,4
2015-2,S077,INF0301,A-,3.7
2015-2,S077,INF0611,A-,3.7
2015-2,S078,INF0621,A,4
2015-2,S078,INF0141,B,3
2015-2,S078,INF0301,C+,2.3
2015-2,S078,INF0611,C+,2.3
2015-2,S045,INF0571,C,2
2015-2,S045,INF0191,B,3
2015-2,S045,INF0281,B,3
2015-2,S045,INF0341,C+,2.3
2015-2,S045,INF0551,B,3
2015-2,S079,INF0621,B,3
2015-2,S079,INF0141,B,3
2015-2,S079,INF0301,B-,2.7
2015-2,S079,INF0611,B-,2.7
2015-2,S080,INF0621,A,4
2015-2,S080,INF0141,A,4
2015-2,S080,INF0301,A-,3.7
2015-2,S080,INF0611,B,3
2015-2,S081,INF0621,D,1
2015-2,S081,INF0141,C-,1.7
2015-2,S081,INF0301,E,0
2015-2,S081,INF0611,E,0
2015-2,S082,INF0621,D,1
2015-2,S082,INF0141,C,2
2015-2,S082,INF0301,B-,2.7
2015-2,S082,INF0611,C-,1.7
2015-2,S083,INF0621,A,4
2015-2,S083,INF0141,B,3
2015-2,S083,INF0301,A-,3.7
2015-2,S083,INF0611,B+,3.3
2015-2,S084,INF0621,A,4
2015-2,S084,INF0141,D,1
2015-2,S084,INF0301,C+,2.3
2015-2,S084,INF0611,C-,1.7
2015-2,S085,INF0621,A,4
2015-2,S085,INF0141,A,4
2015-2,S085,INF0301,A,4
2015-2,S085,INF0611,A-,3.7
2015-2,S046,INF0571,D,1
2015-2,S046,INF0191,B,3
2015-2,S046,INF0281,C-,1.7
2015-2,S046,INF0241,C,2
2015-2,S046,INF0351,C+,2.3
2015-2,S086,INF0621,C,2
2015-2,S086,INF0141,B-,2.7
2015-2,S086,INF0301,B-,2.7
2015-2,S086,INF0611,C-,1.7
2015-2,S026,INF0421,A,4
2015-2,S026,INF0171,B+,3.3
2015-2,S026,INF0541,B+,3.3
2015-2,S026,INF0152,B-,2.7
2015-2,S087,INF0621,C-,1.7
2015-2,S087,INF0141,C+,2.3
2015-2,S087,INF0301,B-,2.7
2015-2,S087,INF0611,C,2
2015-2,S088,INF0621,A-,3.7
2015-2,S088,INF0141,D,1
2015-2,S088,INF0301,B,3
2015-2,S088,INF0611,C+,2.3
2015-3,S049,INF0221,C-,1.7
2015-3,S049,INF0021,D,1
2015-3,S049,INF0291,E,0
2015-3,S050,INF0221,B+,3.3
2015-3,S050,INF0011,A,4
2015-3,S050,INF0021,C,2
2015-3,S050,INF0291,D,1
2015-3,S051,INF0021,B-,2.7
2015-3,S051,INF0291,C,2
2015-3,S052,INF0021,B,3
2015-3,S052,INF0291,B,3
2015-3,S053,INF0021,B,3
2015-3,S053,INF0291,B-,2.7
2015-3,S009,INF0022,B,3
2015-3,S009,INF0521,B,3
2015-3,S009,INF0291,E,0
2015-3,S009,INF0311,B,3
2015-3,S009,INF0152,B+,3.3
2015-3,S010,INF0031,C+,2.3
2015-3,S010,INF0291,C,2
2015-3,S010,INF0311,B-,2.7
2015-3,S010,INF0671,B,3
2015-3,S032,INF0031,E,0
2015-3,S032,INF0491,B-,2.7
2015-3,S032,INF0161,A-,3.7
2015-3,S032,INF0212,C+,2.3
2015-3,S032,INF0071,C+,2.3
2015-3,S011,INF0521,B,3
2015-3,S011,INF0291,D,1
2015-3,S011,INF0311,B-,2.7
2015-3,S033,INF0031,B-,2.7
2015-3,S033,INF0491,B,3
2015-3,S033,INF0161,B+,3.3
2015-3,S033,INF0212,B+,3.3
2015-3,S033,INF0071,B-,2.7
2015-3,S054,INF0021,D,1
2015-3,S054,INF0291,C,2
2015-3,S027,INF0031,C,2
2015-3,S027,INF0491,B-,2.7
2015-3,S027,INF0161,B-,2.7
2015-3,S027,INF0511,B,3
2015-3,S027,INF0411,C-,1.7
2015-3,S002,INF0142,B-,2.7
2015-3,S055,INF0021,C+,2.3
2015-3,S055,INF0291,A,4
2015-3,S034,INF0031,C,2
2015-3,S034,INF0491,B-,2.7
2015-3,S034,INF0161,C,2
2015-3,S034,INF0212,C-,1.7
2015-3,S034,INF0071,B-,2.7
2015-3,S035,INF0031,B-,2.7
2015-3,S035,INF0491,B,3
2015-3,S035,INF0161,B-,2.7
2015-3,S035,INF0212,B,3
2015-3,S035,INF0071,C,2
2015-3,S028,INF0031,C,2
2015-3,S028,INF0491,B-,2.7
2015-3,S028,INF0161,B,3
2015-3,S028,INF0511,B,3
2015-3,S028,INF0411,C+,2.3
2015-3,S056,INF0011,B,3
2015-3,S056,INF0021,C,2
2015-3,S056,INF0291,E,0
2015-3,S029,INF0031,C,2
2015-3,S029,INF0491,B-,2.7
2015-3,S029,INF0161,B+,3.3
2015-3,S029,INF0511,B+,3.3
2015-3,S029,INF0411,B-,2.7
2015-3,S057,INF0021,B+,3.3
2015-3,S057,INF0291,B+,3.3
2015-3,S058,INF0011,A,4
2015-3,S058,INF0021,B-,2.7
2015-3,S058,INF0291,D,1
2015-3,S004,INF0671,C+,2.3
2015-3,S059,INF0021,A,4
2015-3,S059,INF0291,A,4
2015-3,S012,INF0291,D,1
2015-3,S012,INF0311,B,3
2015-3,S012,INF0671,E,0
2015-3,S036,INF0031,B+,3.3
2015-3,S036,INF0491,A-,3.7
2015-3,S036,INF0161,A-,3.7
2015-3,S036,INF0212,A-,3.7
2015-3,S036,INF0071,A-,3.7
2015-3,S037,INF0031,A-,3.7
2015-3,S037,INF0491,B+,3.3
2015-3,S037,INF0161,B+,3.3
2015-3,S037,INF0212,B,3
2015-3,S037,INF0071,B,3
2015-3,S060,INF0221,A-,3.7
2015-3,S060,INF0011,B+,3.3
2015-3,S060,INF0021,C,2
2015-3,S060,INF0291,D,1
2015-3,S013,INF0311,B+,3.3
2015-3,S014,INF0521,B,3
2015-3,S014,INF0291,D,1
2015-3,S014,INF0311,B,3
2015-3,S005,INF0671,B-,2.7
2015-3,S061,INF0011,B+,3.3
2015-3,S061,INF0021,D,1
2015-3,S061,INF0291,C+,2.3
2015-3,S030,INF0031,B-,2.7
2015-3,S030,INF0491,B,3
2015-3,S030,INF0161,B+,3.3
2015-3,S030,INF0511,B,3
2015-3,S030,INF0411,C,2
2015-3,S062,INF0021,D,1
2015-3,S062,INF0291,B-,2.7
2015-3,S015,INF0022,A,4
2015-3,S015,INF0521,B,3
2015-3,S015,INF0291,E,0
2015-3,S015,INF0311,B-,2.7
2015-3,S047,INF0221,A,4
2015-3,S047,INF0011,B+,3.3
2015-3,S047,INF0021,C-,1.7
2015-3,S047,INF0291,D,1
2015-3,S063,INF0011,A,4
2015-3,S063,INF0021,D,1
2015-3,S063,INF0291,E,0
2015-3,S016,INF0022,C+,2.3
2015-3,S016,INF0521,B,3
2015-3,S016,INF0291,E,0
2015-3,S016,INF0311,C,2
2015-3,S064,INF0011,A,4
2015-3,S064,INF0021,B-,2.7
2015-3,S064,INF0291,B-,2.7
2015-3,S017,INF0311,B+,3.3
2015-3,S038,INF0031,B+,3.3
2015-3,S038,INF0491,B+,3.3
2015-3,S038,INF0161,B+,3.3
2015-3,S038,INF0212,C,2
2015-3,S038,INF0071,B-,2.7
2015-3,S039,INF0031,A-,3.7
2015-3,S039,INF0491,B+,3.3
2015-3,S039,INF0161,B+,3.3
2015-3,S039,INF0511,A-,3.7
2015-3,S039,INF0411,A-,3.7
2015-3,S065,INF0011,A,4
2015-3,S065,INF0021,C+,2.3
2015-3,S065,INF0291,C,2
2015-3,S019,INF0311,B,3
2015-3,S040,INF0031,A,4
2015-3,S040,INF0491,A-,3.7
2015-3,S040,INF0161,A,4
2015-3,S040,INF0212,A-,3.7
2015-3,S040,INF0071,A-,3.7
2015-3,S041,INF0031,D,1
2015-3,S041,INF0491,B-,2.7
2015-3,S041,INF0161,B,3
2015-3,S041,INF0212,C,2
2015-3,S041,INF0071,C+,2.3
2015-3,S042,INF0031,C-,1.7
2015-3,S042,INF0491,B,3
2015-3,S042,INF0161,B+,3.3
2015-3,S042,INF0212,C+,2.3
2015-3,S042,INF0071,B-,2.7
2015-3,S043,INF0031,C+,2.3
2015-3,S043,INF0491,B,3
2015-3,S043,INF0161,B-,2.7
2015-3,S043,INF0212,B,3
2015-3,S043,INF0071,C,2
2015-3,S048,INF0031,C,2
2015-3,S048,INF0491,C,2
2015-3,S048,INF0161,A,4
2015-3,S048,INF0212,B-,2.7
2015-3,S048,INF0071,B+,3.3
2015-3,S066,INF0021,D,1
2015-3,S066,INF0291,C,2
2015-3,S067,INF0011,A,4
2015-3,S067,INF0021,C+,2.3
2015-3,S067,INF0291,C,2
2015-3,S020,INF0022,A-,3.7
2015-3,S020,INF0521,C+,2.3
2015-3,S020,INF0031,C,2
2015-3,S020,INF0291,D,1
2015-3,S020,INF0311,B,3
2015-3,S021,INF0031,C+,2.3
2015-3,S021,INF0291,D,1
2015-3,S021,INF0311,B,3
2015-3,S068,INF0011,C+,2.3
2015-3,S068,INF0021,D,1
2015-3,S068,INF0291,D,1
2015-3,S069,INF0011,A,4
2015-3,S069,INF0021,D,1
2015-3,S069,INF0291,B-,2.7
2015-3,S070,INF0011,C,2
2015-3,S070,INF0021,E,0
2015-3,S070,INF0291,E,0
2015-3,S022,INF0022,A-,3.7
2015-3,S022,INF0521,C+,2.3
2015-3,S022,INF0031,C+,2.3
2015-3,S022,INF0291,D,1
2015-3,S022,INF0311,B,3
2015-3,S071,INF0011,B+,3.3
2015-3,S071,INF0021,D,1
2015-3,S071,INF0291,D,1
2015-3,S072,INF0021,C+,2.3
2015-3,S072,INF0291,C+,2.3
2015-3,S031,INF0031,D,1
2015-3,S031,INF0491,B,3
2015-3,S031,INF0161,B+,3.3
2015-3,S031,INF0511,B+,3.3
2015-3,S031,INF0411,B-,2.7
2015-3,S023,INF0521,B-,2.7
2015-3,S023,INF0291,B-,2.7
2015-3,S023,INF0311,B-,2.7
2015-3,S024,INF0022,B,3
2015-3,S024,INF0521,B,3
2015-3,S024,INF0031,C+,2.3
2015-3,S024,INF0291,C,2
2015-3,S024,INF0311,B-,2.7
2015-3,S073,INF0011,A,4
2015-3,S073,INF0021,C-,1.7
2015-3,S073,INF0291,C-,1.7
2015-3,S074,INF0221,C-,1.7
2015-3,S074,INF0021,C-,1.7
2015-3,S074,INF0291,D,1
2015-3,S044,INF0031,C,2
2015-3,S044,INF0491,B-,2.7
2015-3,S044,INF0161,B-,2.7
2015-3,S044,INF0212,C-,1.7
2015-3,S044,INF0071,C+,2.3
2015-3,S075,INF0221,A,4
2015-3,S075,INF0021,D,1
2015-3,S075,INF0291,C-,1.7
2015-3,S076,INF0021,A-,3.7
2015-3,S076,INF0291,A,4
2015-3,S025,INF0022,B,3
2015-3,S025,INF0521,C+,2.3
2015-3,S025,INF0291,D,1
2015-3,S025,INF0311,B-,2.7
2015-3,S077,INF0021,A,4
2015-3,S077,INF0291,A,4
2015-3,S078,INF0011,A,4
2015-3,S078,INF0021,B-,2.7
2015-3,S078,INF0291,B-,2.7
2015-3,S045,INF0031,B,3
2015-3,S045,INF0491,B-,2.7
2015-3,S045,INF0161,B-,2.7
2015-3,S045,INF0212,B-,2.7
2015-3,S045,INF0071,B,3
2015-3,S079,INF0011,A-,3.7
2015-3,S079,INF0021,C+,2.3
2015-3,S079,INF0291,C-,1.7
2015-3,S080,INF0021,B-,2.7
2015-3,S080,INF0291,A,4
2015-3,S081,INF0221,C+,2.3
2015-3,S081,INF0011,B,3
2015-3,S081,INF0021,D,1
2015-3,S081,INF0291,E,0
2015-3,S082,INF0221,C+,2.3
2015-3,S082,INF0021,C-,1.7
2015-3,S082,INF0291,C-,1.7
2015-3,S083,INF0021,B,3
2015-3,S083,INF0291,A-,3.7
2015-3,S084,INF0221,A-,3.7
2015-3,S084,INF0021,D,1
2015-3,S084,INF0291,C,2
2015-3,S085,INF0021,A-,3.7
2015-3,S085,INF0291,A,4
2015-3,S046,INF0031,D,1
2015-3,S046,INF0491,C,2
2015-3,S046,INF0161,B-,2.7
2015-3,S046,INF0511,C-,1.7
2015-3,S046,INF0411,C,2
2015-3,S086,INF0011,A,4
2015-3,S086,INF0021,C+,2.3
2015-3,S086,INF0291,C-,1.7
2015-3,S026,INF0311,A-,3.7
2015-3,S087,INF0011,A,4
2015-3,S087,INF0021,D,1
2015-3,S087,INF0291,C+,2.3
2015-3,S088,INF0021,D,1
2015-3,S088,INF0291,B-,2.7
2016-1,S049,INF0271,C+,2.3
2016-1,S049,INF0521,C+,2.3
2016-1,S049,INF0501,C-,1.7
2016-1,S049,INF0531,B,3
2016-1,S049,INF0081,C,2
2016-1,S050,INF0271,C+,2.3
2016-1,S050,INF0521,D,1
2016-1,S050,INF0501,C+,2.3
2016-1,S050,INF0531,C+,2.3
2016-1,S050,INF0081,D,1
2016-1,S051,INF0271,B-,2.7
2016-1,S051,INF0521,C,2
2016-1,S051,INF0501,C+,2.3
2016-1,S051,INF0531,B+,3.3
2016-1,S051,INF0081,C-,1.7
2016-1,S052,INF0271,A-,3.7
2016-1,S052,INF0521,C,2
2016-1,S052,INF0501,C+,2.3
2016-1,S052,INF0531,A-,3.7
2016-1,S052,INF0081,B,3
2016-1,S053,INF0271,B+,3.3
2016-1,S053,INF0521,A-,3.7
2016-1,S053,INF0501,B+,3.3
2016-1,S053,INF0531,A,4
2016-1,S053,INF0081,A-,3.7
2016-1,S009,INF0221,C,2
2016-1,S009,INF0381,A-,3.7
2016-1,S009,INF0132,C,2
2016-1,S009,INF0291,A,4
2016-1,S009,INF0661,B-,2.7
2016-1,S009,INF0081,C-,1.7
2016-1,S032,INF0011,B,3
2016-1,S032,INF0121,B-,2.7
2016-1,S032,INF0421,B+,3.3
2016-1,S032,INF0661,C+,2.3
2016-1,S032,INF0261,B+,3.3
2016-1,S032,INF0321,B-,2.7
2016-1,S011,INF0291,C+,2.3
2016-1,S011,INF0671,E,0
2016-1,S033,INF0132,B,3
2016-1,S033,INF0121,B-,2.7
2016-1,S033,INF0421,A-,3.7
2016-1,S033,INF0661,B+,3.3
2016-1,S033,INF0261,A,4
2016-1,S033,INF0321,B,3
2016-1,S054,INF0271,B+,3.3
2016-1,S054,INF0521,C-,1.7
2016-1,S054,INF0501,C,2
2016-1,S054,INF0531,B,3
2016-1,S054,INF0081,C,2
2016-1,S027,INF0132,C+,2.3
2016-1,S027,INF0121,B-,2.7
2016-1,S027,INF0421,B,3
2016-1,S027,INF0321,B-,2.7
2016-1,S027,INF0052,A,4
2016-1,S027,INF0201,C+,2.3
2016-1,S002,INF0671,B,3
2016-1,S003,INF0671,A,4
2016-1,S055,INF0271,A-,3.7
2016-1,S055,INF0521,A-,3.7
2016-1,S055,INF0501,C,2
2016-1,S055,INF0531,C+,2.3
2016-1,S055,INF0081,C+,2.3
2016-1,S034,INF0121,C+,2.3
2016-1,S034,INF0421,B-,2.7
2016-1,S034,INF0661,C+,2.3
2016-1,S034,INF0261,B+,3.3
2016-1,S034,INF0321,C,2
2016-1,S035,INF0011,C+,2.3
2016-1,S035,INF0121,C+,2.3
2016-1,S035,INF0421,B,3
2016-1,S035,INF0661,B+,3.3
2016-1,S035,INF0261,B,3
2016-1,S035,INF0321,B+,3.3
2016-1,S028,INF0011,D,1
2016-1,S028,INF0121,C+,2.3
2016-1,S028,INF0421,B-,2.7
2016-1,S028,INF0321,C+,2.3
2016-1,S028,INF0052,B,3
2016-1,S028,INF0201,B+,3.3
2016-1,S056,INF0271,B+,3.3
2016-1,S056,INF0521,C,2
2016-1,S056,INF0501,C,2
2016-1,S056,INF0531,B,3
2016-1,S056,INF0081,C-,1.7
2016-1,S029,INF0011,C,2
2016-1,S029,INF0121,C+,2.3
2016-1,S029,INF0421,B,3
2016-1,S029,INF0321,B-,2.7
2016-1,S029,INF0052,B+,3.3
2016-1,S029,INF0201,B+,3.3
2016-1,S057,INF0271,B,3
2016-1,S057,INF0521,A,4
2016-1,S057,INF0501,B,3
2016-1,S057,INF0531,B,3
2016-1,S057,INF0081,A-,3.7
2016-1,S058,INF0271,B,3
2016-1,S058,INF0521,C,2
2016-1,S058,INF0501,B-,2.7
2016-1,S058,INF0531,B-,2.7
2016-1,S058,INF0081,C-,1.7
2016-1,S059,INF0271,A,4
2016-1,S059,INF0521,A-,3.7
2016-1,S059,INF0501,A,4
2016-1,S059,INF0531,A-,3.7
2016-1,S059,INF0081,A,4
2016-1,S012,INF0671,A,4
2016-1,S036,INF0121,A-,3.7
2016-1,S036,INF0421,A-,3.7
2016-1,S036,INF0661,A,4
2016-1,S036,INF0261,A,4
2016-1,S036,INF0321,A,4
2016-1,S037,INF0132,A,4
2016-1,S037,INF0121,B-,2.7
2016-1,S037,INF0421,B+,3.3
2016-1,S037,INF0661,C+,2.3
2016-1,S037,INF0261,A-,3.7
2016-1,S037,INF0321,C+,2.3
2016-1,S060,INF0271,B-,2.7
2016-1,S060,INF0521,B,3
2016-1,S060,INF0501,C+,2.3
2016-1,S060,INF0531,A-,3.7
2016-1,S060,INF0081,B,3
2016-1,S013,INF0671,A,4
2016-1,S014,INF0291,B,3
2016-1,S014,INF0671,B+,3.3
2016-1,S061,INF0271,B-,2.7
2016-1,S061,INF0521,C-,1.7
2016-1,S061,INF0501,C,2
2016-1,S061,INF0531,B,3
2016-1,S061,INF0081,B-,2.7
2016-1,S030,INF0132,C+,2.3
2016-1,S030,INF0121,B-,2.7
2016-1,S030,INF0421,B+,3.3
2016-1,S030,INF0321,B-,2.7
2016-1,S030,INF0052,B-,2.7
2016-1,S030,INF0201,C+,2.3
2016-1,S062,INF0271,B,3
2016-1,S062,INF0521,B,3
2016-1,S062,INF0501,B-,2.7
2016-1,S062,INF0531,A-,3.7
2016-1,S062,INF0081,A-,3.7
2016-1,S015,INF0291,C+,2.3
2016-1,S015,INF0052,E,0
2016-1,S047,INF0271,B,3
2016-1,S047,INF0521,D,1
2016-1,S047,INF0501,C,2
2016-1,S047,INF0531,C+,2.3
2016-1,S047,INF0081,C-,1.7
2016-1,S063,INF0271,B,3
2016-1,S063,INF0521,C+,2.3
2016-1,S063,INF0501,C,2
2016-1,S063,INF0531,B,3
2016-1,S063,INF0081,C-,1.7
2016-1,S016,INF0132,D,1
2016-1,S016,INF0291,C-,1.7
2016-1,S016,INF0081,C-,1.7
2016-1,S064,INF0271,C+,2.3
2016-1,S064,INF0521,B,3
2016-1,S064,INF0501,B,3
2016-1,S064,INF0531,B,3
2016-1,S064,INF0081,C-,1.7
2016-1,S017,INF0671,E,0
2016-1,S038,INF0011,A-,3.7
2016-1,S038,INF0121,B,3
2016-1,S038,INF0421,A-,3.7
2016-1,S038,INF0661,B-,2.7
2016-1,S038,INF0261,A-,3.7
2016-1,S038,INF0321,B+,3.3
2016-1,S039,INF0132,A,4
2016-1,S039,INF0121,B-,2.7
2016-1,S039,INF0421,A,4
2016-1,S039,INF0321,A,4
2016-1,S039,INF0052,B+,3.3
2016-1,S039,INF0201,A,4
2016-1,S018,INF0132,C-,1.7
2016-1,S018,INF0291,D,1
2016-1,S018,INF0081,C-,1.7
2016-1,S065,INF0271,B-,2.7
2016-1,S065,INF0521,C,2
2016-1,S065,INF0501,C,2
2016-1,S065,INF0531,C+,2.3
2016-1,S065,INF0081,B-,2.7
2016-1,S019,INF0671,E,0
2016-1,S040,INF0121,A,4
2016-1,S040,INF0421,A,4
2016-1,S040,INF0661,B,3
2016-1,S040,INF0261,A,4
2016-1,S040,INF0321,A,4
2016-1,S041,INF0011,D,1
2016-1,S041,INF0121,C+,2.3
2016-1,S041,INF0421,B,3
2016-1,S041,INF0661,C,2
2016-1,S041,INF0261,B,3
2016-1,S041,INF0321,B-,2.7
2016-1,S042,INF0011,B,3
2016-1,S042,INF0121,B-,2.7
2016-1,S042,INF0421,B+,3.3
2016-1,S042,INF0661,C+,2.3
2016-1,S042,INF0261,A-,3.7
2016-1,S042,INF0321,B+,3.3
2016-1,S043,INF0011,C+,2.3
2016-1,S043,INF0121,C+,2.3
2016-1,S043,INF0421,B+,3.3
2016-1,S043,INF0661,B,3
2016-1,S043,INF0261,A,4
2016-1,S043,INF0321,C+,2.3
2016-1,S048,INF0121,B+,3.3
2016-1,S048,INF0421,C+,2.3
2016-1,S048,INF0661,B-,2.7
2016-1,S048,INF0261,A-,3.7
2016-1,S048,INF0321,C,2
2016-1,S066,INF0271,B,3
2016-1,S066,INF0521,D,1
2016-1,S066,INF0501,C,2
2016-1,S066,INF0531,B-,2.7
2016-1,S066,INF0081,C,2
2016-1,S067,INF0271,B+,3.3
2016-1,S067,INF0521,C+,2.3
2016-1,S067,INF0501,C,2
2016-1,S067,INF0531,A-,3.7
2016-1,S067,INF0081,C,2
2016-1,S020,INF0221,C+,2.3
2016-1,S020,INF0132,C+,2.3
2016-1,S020,INF0052,A,4
2016-1,S021,INF0291,C,2
2016-1,S021,INF0671,E,0
2016-1,S068,INF0271,B+,3.3
2016-1,S068,INF0521,C+,2.3
2016-1,S068,INF0501,D,1
2016-1,S068,INF0531,B,3
2016-1,S068,INF0081,C+,2.3
2016-1,S069,INF0271,B-,2.7
2016-1,S069,INF0521,B,3
2016-1,S069,INF0501,C,2
2016-1,S069,INF0531,B,3
2016-1,S069,INF0081,C-,1.7
2016-1,S070,INF0271,C+,2.3
2016-1,S070,INF0521,C-,1.7
2016-1,S070,INF0501,C,2
2016-1,S070,INF0531,B,3
2016-1,S070,INF0081,C-,1.7
2016-1,S022,INF0221,B-,2.7
2016-1,S022,INF0132,B,3
2016-1,S022,INF0291,C,2
2016-1,S022,INF0052,A,4
2016-1,S071,INF0271,B,3
2016-1,S071,INF0521,C-,1.7
2016-1,S071,INF0501,C,2
2016-1,S071,INF0531,C+,2.3
2016-1,S071,INF0081,C,2
2016-1,S072,INF0271,B+,3.3
2016-1,S072,INF0521,C,2
2016-1,S072,INF0501,C,2
2016-1,S072,INF0531,B-,2.7
2016-1,S072,INF0081,B,3
2016-1,S031,INF0011,C+,2.3
2016-1,S031,INF0121,C+,2.3
2016-1,S031,INF0421,B+,3.3
2016-1,S031,INF0321,B-,2.7
2016-1,S031,INF0052,A-,3.7
2016-1,S031,INF0201,A-,3.7
2016-1,S023,INF0132,B-,2.7
2016-1,S023,INF0671,E,0
2016-1,S024,INF0132,C,2
2016-1,S024,INF0081,E,0
2016-1,S024,INF0052,B+,3.3
2016-1,S024,INF0671,E,0
2016-1,S073,INF0271,A-,3.7
2016-1,S073,INF0521,B-,2.7
2016-1,S073,INF0501,B-,2.7
2016-1,S073,INF0531,B,3
2016-1,S073,INF0081,C,2
2016-1,S074,INF0271,B-,2.7
2016-1,S074,INF0521,D,1
2016-1,S074,INF0501,C,2
2016-1,S074,INF0531,B,3
2016-1,S074,INF0081,D,1
2016-1,S044,INF0121,C+,2.3
2016-1,S044,INF0421,B+,3.3
2016-1,S044,INF0661,C+,2.3
2016-1,S044,INF0261,A-,3.7
2016-1,S044,INF0321,B-,2.7
2016-1,S075,INF0271,B,3
2016-1,S075,INF0521,D,1
2016-1,S075,INF0501,C,2
2016-1,S075,INF0531,C+,2.3
2016-1,S075,INF0081,C+,2.3
2016-1,S076,INF0271,A,4
2016-1,S076,INF0521,A,4
2016-1,S076,INF0501,A,4
2016-1,S076,INF0531,A-,3.7
2016-1,S076,INF0081,A,4
2016-1,S025,INF0291,C,2
2016-1,S025,INF0671,B,3
2016-1,S077,INF0271,A,4
2016-1,S077,INF0521,A,4
2016-1,S077,INF0501,B+,3.3
2016-1,S077,INF0531,A,4
2016-1,S077,INF0081,A,4
2016-1,S078,INF0271,B-,2.7
2016-1,S078,INF0521,B-,2.7
2016-1,S078,INF0501,B+,3.3
2016-1,S078,INF0531,A,4
2016-1,S078,INF0081,B-,2.7
2016-1,S045,INF0121,C+,2.3
2016-1,S045,INF0421,B,3
2016-1,S045,INF0661,C+,2.3
2016-1,S045,INF0261,A-,3.7
2016-1,S045,INF0321,C,2
2016-1,S079,INF0271,B-,2.7
2016-1,S079,INF0521,B-,2.7
2016-1,S079,INF0501,C-,1.7
2016-1,S079,INF0531,B-,2.7
2016-1,S079,INF0081,B+,3.3
2016-1,S080,INF0271,A,4
2016-1,S080,INF0521,A-,3.7
2016-1,S080,INF0501,B-,2.7
2016-1,S080,INF0531,B+,3.3
2016-1,S080,INF0081,B,3
2016-1,S081,INF0271,C,2
2016-1,S081,INF0521,C,2
2016-1,S081,INF0501,C,2
2016-1,S081,INF0531,C+,2.3
2016-1,S081,INF0081,C-,1.7
2016-1,S082,INF0271,B-,2.7
2016-1,S082,INF0521,C,2
2016-1,S082,INF0501,C,2
2016-1,S082,INF0531,B,3
2016-1,S082,INF0081,B-,2.7
2016-1,S083,INF0271,A-,3.7
2016-1,S083,INF0521,A-,3.7
2016-1,S083,INF0501,B+,3.3
2016-1,S083,INF0531,A-,3.7
2016-1,S083,INF0081,A,4
2016-1,S084,INF0271,B,3
2016-1,S084,INF0521,D,1
2016-1,S084,INF0501,E,0
2016-1,S084,INF0531,B-,2.7
2016-1,S084,INF0081,C,2
2016-1,S085,INF0271,A-,3.7
2016-1,S085,INF0521,A,4
2016-1,S085,INF0501,B+,3.3
2016-1,S085,INF0531,A,4
2016-1,S085,INF0081,A-,3.7
2016-1,S046,INF0011,E,0
2016-1,S046,INF0121,C+,2.3
2016-1,S046,INF0421,C+,2.3
2016-1,S046,INF0321,C+,2.3
2016-1,S046,INF0052,B-,2.7
2016-1,S046,INF0201,C,2
2016-1,S086,INF0271,B,3
2016-1,S086,INF0521,C,2
2016-1,S086,INF0501,C-,1.7
2016-1,S086,INF0531,B-,2.7
2016-1,S086,INF0081,C-,1.7
2016-1,S026,INF0671,E,0
2016-1,S087,INF0271,B+,3.3
2016-1,S087,INF0521,C,2
2016-1,S087,INF0501,C,2
2016-1,S087,INF0531,B,3
2016-1,S087,INF0081,C-,1.7
2016-1,S088,INF0271,B-,2.7
2016-1,S088,INF0521,C+,2.3
2016-1,S088,INF0501,B-,2.7
2016-1,S088,INF0531,B+,3.3
2016-1,S088,INF0081,C-,1.7
2016-2,S049,INF0571,C+,2.3
2016-2,S049,INF0191,B,3
2016-2,S049,INF0281,C+,2.3
2016-2,S049,INF0391,B,3
2016-2,S049,INF0641,B,3
2016-2,S050,INF0571,C,2
2016-2,S050,INF0191,B+,3.3
2016-2,S050,INF0281,B,3
2016-2,S050,INF0391,C+,2.3
2016-2,S050,INF0641,B+,3.3
2016-2,S051,INF0571,C-,1.7
2016-2,S051,INF0191,B-,2.7
2016-2,S051,INF0281,A-,3.7
2016-2,S051,INF0391,B-,2.7
2016-2,S051,INF0641,B,3
2016-2,S052,INF0571,B,3
2016-2,S052,INF0191,B,3
2016-2,S052,INF0281,B,3
2016-2,S052,INF0391,B+,3.3
2016-2,S052,INF0351,A,4
2016-2,S053,INF0571,B,3
2016-2,S053,INF0191,A,4
2016-2,S053,INF0281,A,4
2016-2,S053,INF0391,B+,3.3
2016-2,S053,INF0641,A,4
2016-2,S009,INF0141,C,2
2016-2,S009,INF0191,D,1
2016-2,S009,INF0341,A-,3.7
2016-2,S009,INF0171,C-,1.7
2016-2,S032,INF0631,A,4
2016-2,S032,INF0171,B-,2.7
2016-2,S032,INF0061,B+,3.3
2016-2,S032,INF0152,B,3
2016-2,S033,INF0141,B-,2.7
2016-2,S033,INF0631,A,4
2016-2,S033,INF0171,B-,2.7
2016-2,S033,INF0061,B+,3.3
2016-2,S033,INF0681,B,3
2016-2,S033,INF0152,B+,3.3
2016-2,S054,INF0571,C+,2.3
2016-2,S054,INF0191,A-,3.7
2016-2,S054,INF0281,C+,2.3
2016-2,S054,INF0391,B,3
2016-2,S054,INF0641,B+,3.3
2016-2,S027,INF0141,B,3
2016-2,S027,INF0601,C,2
2016-2,S027,INF0171,C+,2.3
2016-2,S027,INF0541,B+,3.3
2016-2,S027,INF0152,B+,3.3
2016-2,S055,INF0571,B-,2.7
2016-2,S055,INF0191,B+,3.3
2016-2,S055,INF0281,B+,3.3
2016-2,S055,INF0391,B+,3.3
2016-2,S055,INF0351,B+,3.3
2016-2,S034,INF0141,C+,2.3
2016-2,S034,INF0571,D,1
2016-2,S034,INF0631,B+,3.3
2016-2,S034,INF0171,B+,3.3
2016-2,S034,INF0061,B+,3.3
2016-2,S034,INF0152,B,3
2016-2,S035,INF0631,A,4
2016-2,S035,INF0171,B,3
2016-2,S035,INF0061,A,4
2016-2,S035,INF0152,B+,3.3
2016-2,S028,INF0141,C,2
2016-2,S028,INF0601,C,2
2016-2,S028,INF0171,C-,1.7
2016-2,S028,INF0541,B+,3.3
2016-2,S028,INF0152,B,3
2016-2,S056,INF0571,C-,1.7
2016-2,S056,INF0191,B,3
2016-2,S056,INF0281,B,3
2016-2,S056,INF0391,B-,2.7
2016-2,S056,INF0341,B,3
2016-2,S029,INF0141,C+,2.3
2016-2,S029,INF0171,B+,3.3
2016-2,S029,INF0541,B+,3.3
2016-2,S029,INF0152,B+,3.3
2016-2,S057,INF0571,B,3
2016-2,S057,INF0191,B,3
2016-2,S057,INF0281,A-,3.7
2016-2,S057,INF0391,B+,3.3
2016-2,S057,INF0641,B+,3.3
2016-2,S058,INF0571,C,2
2016-2,S058,INF0191,B,3
2016-2,S058,INF0281,C+,2.3
2016-2,S058,INF0391,B,3
2016-2,S058,INF0641,A-,3.7
2016-2,S059,INF0571,A,4
2016-2,S059,INF0191,A-,3.7
2016-2,S059,INF0281,A,4
2016-2,S059,INF0391,A-,3.7
2016-2,S059,INF0641,A,4
2016-2,S036,INF0631,A,4
2016-2,S036,INF0171,A,4
2016-2,S036,INF0061,B+,3.3
2016-2,S036,INF0681,A,4
2016-2,S036,INF0152,B+,3.3
2016-2,S037,INF0631,A,4
2016-2,S037,INF0171,B+,3.3
2016-2,S037,INF0061,A-,3.7
2016-2,S037,INF0152,B+,3.3
2016-2,S060,INF0571,C+,2.3
2016-2,S060,INF0191,B+,3.3
2016-2,S060,INF0281,B,3
2016-2,S060,INF0391,B-,2.7
2016-2,S060,INF0641,B,3
2016-2,S061,INF0571,C+,2.3
2016-2,S061,INF0191,B-,2.7
2016-2,S061,INF0281,A-,3.7
2016-2,S061,INF0391,B,3
2016-2,S061,INF0341,B+,3.3
2016-2,S030,INF0141,C+,2.3
2016-2,S030,INF0171,B-,2.7
2016-2,S030,INF0541,B+,3.3
2016-2,S030,INF0152,B,3
2016-2,S062,INF0571,B-,2.7
2016-2,S062,INF0191,B+,3.3
2016-2,S062,INF0281,A-,3.7
2016-2,S062,INF0391,B,3
2016-2,S062,INF0351,A,4
2016-2,S015,INF0671,B+,3.3
2016-2,S015,INF0152,B+,3.3
2016-2,S047,INF0571,C,2
2016-2,S047,INF0191,B,3
2016-2,S047,INF0281,C+,2.3
2016-2,S047,INF0391,C+,2.3
2016-2,S047,INF0341,A-,3.7
2016-2,S063,INF0571,C,2
2016-2,S063,INF0191,B-,2.7
2016-2,S063,INF0281,B-,2.7
2016-2,S063,INF0391,B-,2.7
2016-2,S063,INF0341,A,4
2016-2,S016,INF0621,C+,2.3
2016-2,S016,INF0141,C,2
2016-2,S016,INF0571,C,2
2016-2,S016,INF0541,A-,3.7
2016-2,S064,INF0571,C+,2.3
2016-2,S064,INF0191,B+,3.3
2016-2,S064,INF0281,B+,3.3
2016-2,S064,INF0391,B+,3.3
2016-2,S064,INF0641,A,4
2016-2,S017,INF0671,B,3
2016-2,S038,INF0631,A,4
2016-2,S038,INF0171,B+,3.3
2016-2,S038,INF0061,A-,3.7
2016-2,S038,INF0681,A-,3.7
2016-2,S038,INF0152,B+,3.3
2016-2,S039,INF0171,B+,3.3
2016-2,S039,INF0541,A-,3.7
2016-2,S039,INF0681,A-,3.7
2016-2,S039,INF0152,B+,3.3
2016-2,S018,INF0141,C-,1.7
2016-2,S018,INF0571,C-,1.7
2016-2,S018,INF0541,C,2
2016-2,S018,INF0152,B,3
2016-2,S065,INF0571,C+,2.3
2016-2,S065,INF0191,B+,3.3
2016-2,S065,INF0281,B,3
2016-2,S065,INF0391,B,3
2016-2,S065,INF0641,B+,3.3
2016-2,S019,INF0671,E,0
2016-2,S040,INF0631,A,4
2016-2,S040,INF0171,A,4
2016-2,S040,INF0061,A,4
2016-2,S040,INF0681,A,4
2016-2,S040,INF0152,A,4
2016-2,S041,INF0141,C,2
2016-2,S041,INF0601,D,1
2016-2,S041,INF0631,B,3
2016-2,S041,INF0171,B-,2.7
2016-2,S041,INF0061,B,3
2016-2,S041,INF0152,B,3
2016-2,S042,INF0141,B-,2.7
2016-2,S042,INF0601,B,3
2016-2,S042,INF0631,B+,3.3
2016-2,S042,INF0171,B,3
2016-2,S042,INF0061,A-,3.7
2016-2,S042,INF0152,B,3
2016-2,S043,INF0141,C,2
2016-2,S043,INF0631,B+,3.3
2016-2,S043,INF0171,B-,2.7
2016-2,S043,INF0061,A,4
2016-2,S043,INF0152,B,3
2016-2,S048,INF0631,B+,3.3
2016-2,S048,INF0171,C,2
2016-2,S048,INF0061,B-,2.7
2016-2,S048,INF0681,E,0
2016-2,S048,INF0152,B+,3.3
2016-2,S066,INF0571,C-,1.7
2016-2,S066,INF0191,B,3
2016-2,S066,INF0281,C+,2.3
2016-2,S066,INF0391,B,3
2016-2,S066,INF0641,B-,2.7
2016-2,S067,INF0571,C-,1.7
2016-2,S067,INF0191,B-,2.7
2016-2,S067,INF0281,B-,2.7
2016-2,S067,INF0391,B,3
2016-2,S067,INF0341,B+,3.3
2016-2,S020,INF0671,B,3
2016-2,S020,INF0152,B+,3.3
2016-2,S021,INF0621,D,1
2016-2,S021,INF0571,C-,1.7
2016-2,S021,INF0671,E,0
2016-2,S021,INF0152,B,3
2016-2,S068,INF0571,C+,2.3
2016-2,S068,INF0191,A-,3.7
2016-2,S068,INF0281,B,3
2016-2,S068,INF0391,B,3
2016-2,S068,INF0351,B-,2.7
2016-2,S069,INF0571,C+,2.3
2016-2,S069,INF0191,B+,3.3
2016-2,S069,INF0281,A-,3.7
2016-2,S069,INF0391,B+,3.3
2016-2,S069,INF0641,A-,3.7
2016-2,S070,INF0571,C+,2.3
2016-2,S070,INF0191,B,3
2016-2,S070,INF0281,B-,2.7
2016-2,S070,INF0391,B-,2.7
2016-2,S070,INF0351,B+,3.3
2016-2,S022,INF0601,C+,2.3
2016-2,S022,INF0671,B,3
2016-2,S022,INF0152,B+,3.3
2016-2,S071,INF0571,C+,2.3
2016-2,S071,INF0191,B+,3.3
2016-2,S071,INF0281,B,3
2016-2,S071,INF0391,C+,2.3
2016-2,S071,INF0641,B-,2.7
2016-2,S072,INF0571,B-,2.7
2016-2,S072,INF0191,B+,3.3
2016-2,S072,INF0281,B-,2.7
2016-2,S072,INF0391,B+,3.3
2016-2,S072,INF0351,A-,3.7
2016-2,S031,INF0621,B+,3.3
2016-2,S031,INF0141,C+,2.3
2016-2,S031,INF0171,B,3
2016-2,S031,INF0541,B+,3.3
2016-2,S031,INF0152,B+,3.3
2016-2,S023,INF0671,E,0
2016-2,S024,INF0541,E,0
2016-2,S024,INF0671,B,3
2016-2,S024,INF0152,B,3
2016-2,S073,INF0571,C+,2.3
2016-2,S073,INF0191,A-,3.7
2016-2,S073,INF0281,B-,2.7
2016-2,S073,INF0391,B+,3.3
2016-2,S073,INF0641,B+,3.3
2016-2,S074,INF0571,C,2
2016-2,S074,INF0191,B-,2.7
2016-2,S074,INF0281,B-,2.7
2016-2,S074,INF0391,B,3
2016-2,S074,INF0641,B,3
2016-2,S044,INF0141,C+,2.3
2016-2,S044,INF0631,B,3
2016-2,S044,INF0171,B,3
2016-2,S044,INF0061,B+,3.3
2016-2,S044,INF0152,B,3
2016-2,S075,INF0571,C+,2.3
2016-2,S075,INF0191,B,3
2016-2,S075,INF0281,C,2
2016-2,S075,INF0391,B-,2.7
2016-2,S075,INF0641,A-,3.7
2016-2,S076,INF0571,A-,3.7
2016-2,S076,INF0191,A,4
2016-2,S076,INF0281,A,4
2016-2,S076,INF0391,A-,3.7
2016-2,S076,INF0641,A,4
2016-2,S077,INF0571,B+,3.3
2016-2,S077,INF0191,A-,3.7
2016-2,S077,INF0281,A,4
2016-2,S077,INF0391,B+,3.3
2016-2,S077,INF0641,A,4
2016-2,S078,INF0571,C+,2.3
2016-2,S078,INF0191,B+,3.3
2016-2,S078,INF0281,B+,3.3
2016-2,S078,INF0391,B+,3.3
2016-2,S078,INF0641,A-,3.7
2016-2,S045,INF0631,A-,3.7
2016-2,S045,INF0171,C+,2.3
2016-2,S045,INF0061,B,3
2016-2,S045,INF0681,B+,3.3
2016-2,S045,INF0152,B,3
2016-2,S079,INF0571,B,3
2016-2,S079,INF0191,B+,3.3
2016-2,S079,INF0281,B+,3.3
2016-2,S079,INF0391,B-,2.7
2016-2,S079,INF0351,A-,3.7
2016-2,S080,INF0571,B+,3.3
2016-2,S080,INF0191,B,3
2016-2,S080,INF0281,A-,3.7
2016-2,S080,INF0391,B+,3.3
2016-2,S080,INF0641,A-,3.7
2016-2,S081,INF0571,C+,2.3
2016-2,S081,INF0191,B,3
2016-2,S081,INF0281,C+,2.3
2016-2,S081,INF0391,B-,2.7
2016-2,S081,INF0641,B,3
2016-2,S082,INF0571,C+,2.3
2016-2,S082,INF0191,A,4
2016-2,S082,INF0281,B+,3.3
2016-2,S082,INF0391,B+,3.3
2016-2,S082,INF0351,A-,3.7
2016-2,S083,INF0571,B,3
2016-2,S083,INF0191,A,4
2016-2,S083,INF0281,A,4
2016-2,S083,INF0391,A-,3.7
2016-2,S083,INF0641,A,4
2016-2,S084,INF0571,C,2
2016-2,S084,INF0191,B-,2.7
2016-2,S084,INF0281,B-,2.7
2016-2,S084,INF0391,B,3
2016-2,S084,INF0341,B+,3.3
2016-2,S085,INF0571,A-,3.7
2016-2,S085,INF0191,B+,3.3
2016-2,S085,INF0281,A,4
2016-2,S085,INF0391,A-,3.7
2016-2,S085,INF0341,A,4
2016-2,S046,INF0141,C,2
2016-2,S046,INF0571,C+,2.3
2016-2,S046,INF0171,B-,2.7
2016-2,S046,INF0541,B,3
2016-2,S046,INF0152,B,3
2016-2,S086,INF0571,B-,2.7
2016-2,S086,INF0191,B+,3.3
2016-2,S086,INF0281,B-,2.7
2016-2,S086,INF0391,B,3
2016-2,S086,INF0351,B+,3.3
2016-2,S089,INF0571,C-,1.7
2016-2,S089,INF0191,C+,2.3
2016-2,S089,INF0281,C+,2.3
2016-2,S089,INF0391,B-,2.7
2016-2,S089,INF0341,A-,3.7
2016-2,S026,INF0671,E,0
2016-2,S087,INF0571,C,2
2016-2,S087,INF0191,B+,3.3
2016-2,S087,INF0281,C+,2.3
2016-2,S087,INF0391,C+,2.3
2016-2,S087,INF0351,B+,3.3
2016-2,S088,INF0571,C,2
2016-2,S088,INF0191,B-,2.7
2016-2,S088,INF0281,B,3
2016-2,S088,INF0391,B,3
2016-2,S088,INF0341,A,4
2016-3,S049,INF0041,B,3
2016-3,S050,INF0041,B-,2.7
2016-3,S051,INF0041,B,3
2016-3,S052,INF0241,B+,3.3
2016-3,S053,INF0041,A,4
2016-3,S032,INF0291,A-,3.7
2016-3,S032,INF0311,A-,3.7
2016-3,S033,INF0311,B-,2.7
2016-3,S033,INF0691,E,0
2016-3,S054,INF0041,B+,3.3
2016-3,S027,INF0291,A-,3.7
2016-3,S027,INF0311,B,3
2016-3,S055,INF0241,A-,3.7
2016-3,S034,INF0291,C-,1.7
2016-3,S034,INF0311,B+,3.3
2016-3,S034,INF0681,E,0
2016-3,S035,INF0311,B,3
2016-3,S035,INF0681,A,4
2016-3,S028,INF0291,A-,3.7
2016-3,S028,INF0311,C+,2.3
2016-3,S056,INF0211,B-,2.7
2016-3,S029,INF0291,C+,2.3
2016-3,S029,INF0311,B+,3.3
2016-3,S057,INF0041,B+,3.3
2016-3,S058,INF0041,B+,3.3
2016-3,S059,INF0041,A,4
2016-3,S036,INF0311,B,3
2016-3,S036,INF0691,A,4
2016-3,S037,INF0311,B,3
2016-3,S037,INF0681,A-,3.7
2016-3,S060,INF0041,B,3
2016-3,S061,INF0211,B,3
2016-3,S030,INF0311,B,3
2016-3,S062,INF0241,B+,3.3
2016-3,S047,INF0211,B,3
2016-3,S063,INF0211,B,3
2016-3,S064,INF0041,B+,3.3
2016-3,S038,INF0311,A,4
2016-3,S038,INF0691,A,4
2016-3,S039,INF0311,A-,3.7
2016-3,S039,INF0691,A-,3.7
2016-3,S018,INF0241,B,3
2016-3,S065,INF0041,B-,2.7
2016-3,S040,INF0311,A,4
2016-3,S040,INF0691,A-,3.7
2016-3,S041,INF0291,B,3
2016-3,S041,INF0311,C,2
2016-3,S042,INF0291,B+,3.3
2016-3,S042,INF0311,B+,3.3
2016-3,S043,INF0311,B-,2.7
2016-3,S048,INF0311,B-,2.7
2016-3,S048,INF0681,E,0
2016-3,S066,INF0041,B-,2.7
2016-3,S067,INF0211,B,3
2016-3,S068,INF0241,B+,3.3
2016-3,S069,INF0041,B-,2.7
2016-3,S070,INF0241,B,3
2016-3,S022,INF0241,A-,3.7
2016-3,S071,INF0041,B-,2.7
2016-3,S072,INF0241,B+,3.3
2016-3,S031,INF0291,B,3
2016-3,S031,INF0311,B+,3.3
2016-3,S073,INF0041,B,3
2016-3,S074,INF0041,B-,2.7
2016-3,S044,INF0311,B-,2.7
2016-3,S044,INF0681,E,0
2016-3,S075,INF0041,B-,2.7
2016-3,S076,INF0041,A,4
2016-3,S077,INF0041,B+,3.3
2016-3,S078,INF0041,B+,3.3
2016-3,S045,INF0311,C,2
2016-3,S045,INF0691,E,0
2016-3,S079,INF0241,A-,3.7
2016-3,S080,INF0041,A,4
2016-3,S081,INF0041,C+,2.3
2016-3,S082,INF0241,B+,3.3
2016-3,S083,INF0041,A-,3.7
2016-3,S084,INF0211,B-,2.7
2016-3,S085,INF0211,A-,3.7
2016-3,S046,INF0291,C,2
2016-3,S046,INF0311,C+,2.3
2016-3,S086,INF0241,B,3
2016-3,S087,INF0241,B,3
2016-3,S088,INF0211,B+,3.3
2017-1,S049,INF0161,B-,2.7
2017-1,S049,INF0121,C,2
2017-1,S049,INF0421,A-,3.7
2017-1,S049,INF0181,B,3
2017-1,S049,INF0481,B+,3.3
2017-1,S049,INF0321,C+,2.3
2017-1,S050,INF0161,B-,2.7
2017-1,S050,INF0121,C,2
2017-1,S050,INF0421,A-,3.7
2017-1,S050,INF0181,B,3
2017-1,S050,INF0481,B-,2.7
2017-1,S050,INF0321,C+,2.3
2017-1,S051,INF0161,B+,3.3
2017-1,S051,INF0121,B,3
2017-1,S051,INF0421,B+,3.3
2017-1,S051,INF0181,B,3
2017-1,S051,INF0481,A-,3.7
2017-1,S051,INF0321,B-,2.7
2017-1,S052,INF0161,B-,2.7
2017-1,S052,INF0121,C-,1.7
2017-1,S052,INF0421,A-,3.7
2017-1,S052,INF0321,B,3
2017-1,S052,INF0051,A,4
2017-1,S052,INF0411,B-,2.7
2017-1,S052,INF0681,A-,3.7
2017-1,S053,INF0031,A-,3.7
2017-1,S053,INF0161,A-,3.7
2017-1,S053,INF0121,A-,3.7
2017-1,S053,INF0421,A-,3.7
2017-1,S053,INF0181,A,4
2017-1,S053,INF0481,A-,3.7
2017-1,S053,INF0321,A,4
2017-1,S053,INF0681,A,4
2017-1,S009,INF0031,B,3
2017-1,S009,INF0071,A-,3.7
2017-1,S009,INF0681,B+,3.3
2017-1,S032,INF0132,B-,2.7
2017-1,S032,INF0521,C-,1.7
2017-1,S032,INF0031,B,3
2017-1,S033,INF0691,E,0
2017-1,S054,INF0161,B,3
2017-1,S054,INF0121,C+,2.3
2017-1,S054,INF0421,B+,3.3
2017-1,S054,INF0181,B+,3.3
2017-1,S054,INF0481,B+,3.3
2017-1,S054,INF0321,B-,2.7
2017-1,S027,INF0221,C+,2.3
2017-1,S027,INF0011,A,4
2017-1,S027,INF0681,A-,3.7
2017-1,S055,INF0161,A,4
2017-1,S055,INF0121,B-,2.7
2017-1,S055,INF0421,A-,3.7
2017-1,S055,INF0321,A-,3.7
2017-1,S055,INF0051,B+,3.3
2017-1,S055,INF0411,B-,2.7
2017-1,S055,INF0681,A,4
2017-1,S034,INF0601,B-,2.7
2017-1,S034,INF0681,A-,3.7
2017-1,S035,INF0132,B,3
2017-1,S035,INF0691,A-,3.7
2017-1,S028,INF0221,C,2
2017-1,S028,INF0011,A,4
2017-1,S028,INF0681,A-,3.7
2017-1,S056,INF0161,B+,3.3
2017-1,S056,INF0121,B,3
2017-1,S056,INF0421,B+,3.3
2017-1,S056,INF0551,A,4
2017-1,S056,INF0321,B-,2.7
2017-1,S056,INF0071,A,4
2017-1,S029,INF0221,C,2
2017-1,S029,INF0132,B-,2.7
2017-1,S057,INF0161,B,3
2017-1,S057,INF0121,C,2
2017-1,S057,INF0421,A-,3.7
2017-1,S057,INF0181,B,3
2017-1,S057,INF0481,B,3
2017-1,S057,INF0321,B,3
2017-1,S057,INF0681,A-,3.7
2017-1,S058,INF0161,B,3
2017-1,S058,INF0121,B-,2.7
2017-1,S058,INF0421,B+,3.3
2017-1,S058,INF0181,C+,2.3
2017-1,S058,INF0481,B+,3.3
2017-1,S058,INF0321,B-,2.7
2017-1,S059,INF0031,A,4
2017-1,S059,INF0161,A-,3.7
2017-1,S059,INF0121,B+,3.3
2017-1,S059,INF0421,A,4
2017-1,S059,INF0181,A,4
2017-1,S059,INF0481,A,4
2017-1,S059,INF0321,A-,3.7
2017-1,S059,INF0681,A,4
2017-1,S037,INF0691,A-,3.7
2017-1,S060,INF0161,B,3
2017-1,S060,INF0121,C+,2.3
2017-1,S060,INF0421,A-,3.7
2017-1,S060,INF0181,B+,3.3
2017-1,S060,INF0481,B+,3.3
2017-1,S060,INF0321,B-,2.7
2017-1,S061,INF0161,B+,3.3
2017-1,S061,INF0121,B,3
2017-1,S061,INF0421,B+,3.3
2017-1,S061,INF0551,A,4
2017-1,S061,INF0321,C+,2.3
2017-1,S061,INF0071,A,4
2017-1,S030,INF0221,B-,2.7
2017-1,S062,INF0161,A-,3.7
2017-1,S062,INF0121,A-,3.7
2017-1,S062,INF0421,A-,3.7
2017-1,S062,INF0321,B+,3.3
2017-1,S062,INF0051,A,4
2017-1,S062,INF0411,A-,3.7
2017-1,S062,INF0681,A-,3.7
2017-1,S047,INF0161,B+,3.3
2017-1,S047,INF0121,B,3
2017-1,S047,INF0421,A-,3.7
2017-1,S047,INF0551,A,4
2017-1,S047,INF0321,B-,2.7
2017-1,S047,INF0071,A-,3.7
2017-1,S063,INF0161,B,3
2017-1,S063,INF0121,B-,2.7
2017-1,S063,INF0421,A-,3.7
2017-1,S063,INF0551,A,4
2017-1,S063,INF0321,B,3
2017-1,S063,INF0071,A-,3.7
2017-1,S016,INF0132,B-,2.7
2017-1,S016,INF0671,E,0
2017-1,S064,INF0161,B+,3.3
2017-1,S064,INF0121,C+,2.3
2017-1,S064,INF0421,B+,3.3
2017-1,S064,INF0181,B,3
2017-1,S064,INF0481,A-,3.7
2017-1,S064,INF0321,A-,3.7
2017-1,S018,INF0132,B,3
2017-1,S018,INF0521,C-,1.7
2017-1,S018,INF0411,C,2
2017-1,S065,INF0161,B+,3.3
2017-1,S065,INF0121,C+,2.3
2017-1,S065,INF0421,B+,3.3
2017-1,S065,INF0181,B-,2.7
2017-1,S065,INF0481,B-,2.7
2017-1,S065,INF0321,B-,2.7
2017-1,S019,INF0671,B+,3.3
2017-1,S041,INF0011,C+,2.3
2017-1,S041,INF0601,B,3
2017-1,S041,INF0521,C-,1.7
2017-1,S041,INF0031,C,2
2017-1,S041,INF0681,A-,3.7
2017-1,S042,INF0132,B+,3.3
2017-1,S042,INF0681,A-,3.7
2017-1,S043,INF0132,B,3
2017-1,S043,INF0022,C+,2.3
2017-1,S043,INF0521,B,3
2017-1,S043,INF0681,A-,3.7
2017-1,S048,INF0681,D,1
2017-1,S066,INF0161,B,3
2017-1,S066,INF0121,C+,2.3
2017-1,S066,INF0421,B+,3.3
2017-1,S066,INF0181,C,2
2017-1,S066,INF0481,B,3
2017-1,S066,INF0321,B-,2.7
2017-1,S067,INF0161,B+,3.3
2017-1,S067,INF0121,B,3
2017-1,S067,INF0421,B,3
2017-1,S067,INF0551,A,4
2017-1,S067,INF0321,B-,2.7
2017-1,S067,INF0071,A,4
2017-1,S068,INF0161,B+,3.3
2017-1,S068,INF0121,B+,3.3
2017-1,S068,INF0421,B,3
2017-1,S068,INF0321,C+,2.3
2017-1,S068,INF0051,B+,3.3
2017-1,S068,INF0411,C+,2.3
2017-1,S069,INF0161,B-,2.7
2017-1,S069,INF0121,C,2
2017-1,S069,INF0421,B+,3.3
2017-1,S069,INF0181,B+,3.3
2017-1,S069,INF0481,B,3
2017-1,S069,INF0321,B-,2.7
2017-1,S070,INF0161,B-,2.7
2017-1,S070,INF0121,C,2
2017-1,S070,INF0421,B,3
2017-1,S070,INF0321,C+,2.3
2017-1,S070,INF0051,B+,3.3
2017-1,S070,INF0411,B-,2.7
2017-1,S071,INF0161,B+,3.3
2017-1,S071,INF0121,C+,2.3
2017-1,S071,INF0421,B+,3.3
2017-1,S071,INF0181,B,3
2017-1,S071,INF0481,B-,2.7
2017-1,S071,INF0321,B-,2.7
2017-1,S072,INF0161,A-,3.7
2017-1,S072,INF0121,C+,2.3
2017-1,S072,INF0421,A-,3.7
2017-1,S072,INF0321,B-,2.7
2017-1,S072,INF0051,A,4
2017-1,S072,INF0411,B+,3.3
2017-1,S031,INF0221,C,2
2017-1,S031,INF0031,B,3
2017-1,S031,INF0681,B+,3.3
2017-1,S023,INF0671,E,0
2017-1,S073,INF0161,B+,3.3
2017-1,S073,INF0121,B,3
2017-1,S073,INF0421,A-,3.7
2017-1,S073,INF0181,A-,3.7
2017-1,S073,INF0481,B+,3.3
2017-1,S073,INF0321,B+,3.3
2017-1,S074,INF0161,B+,3.3
2017-1,S074,INF0121,B-,2.7
2017-1,S074,INF0421,B+,3.3
2017-1,S074,INF0181,B-,2.7
2017-1,S074,INF0481,B+,3.3
2017-1,S074,INF0321,B,3
2017-1,S044,INF0221,C,2
2017-1,S044,INF0601,B-,2.7
2017-1,S044,INF0681,B+,3.3
2017-1,S075,INF0161,B,3
2017-1,S075,INF0121,B-,2.7
2017-1,S075,INF0421,B+,3.3
2017-1,S075,INF0181,C,2
2017-1,S075,INF0481,B+,3.3
2017-1,S075,INF0321,B,3
2017-1,S076,INF0031,A,4
2017-1,S076,INF0161,A,4
2017-1,S076,INF0121,A-,3.7
2017-1,S076,INF0421,A,4
2017-1,S076,INF0181,A,4
2017-1,S076,INF0481,B+,3.3
2017-1,S076,INF0321,A,4
2017-1,S076,INF0681,A,4
2017-1,S077,INF0031,A,4
2017-1,S077,INF0161,A-,3.7
2017-1,S077,INF0121,A-,3.7
2017-1,S077,INF0421,A,4
2017-1,S077,INF0181,A-,3.7
2017-1,S077,INF0481,B+,3.3
2017-1,S077,INF0321,A,4
2017-1,S077,INF0681,A,4
2017-1,S078,INF0161,B,3
2017-1,S078,INF0121,C,2
2017-1,S078,INF0421,A-,3.7
2017-1,S078,INF0181,B,3
2017-1,S078,INF0481,B+,3.3
2017-1,S078,INF0321,A-,3.7
2017-1,S078,INF0681,A-,3.7
2017-1,S045,INF0691,C-,1.7
2017-1,S079,INF0161,B-,2.7
2017-1,S079,INF0121,C-,1.7
2017-1,S079,INF0421,A-,3.7
2017-1,S079,INF0321,B-,2.7
2017-1,S079,INF0051,A-,3.7
2017-1,S079,INF0411,B-,2.7
2017-1,S079,INF0681,B+,3.3
2017-1,S080,INF0031,B,3
2017-1,S080,INF0161,B-,2.7
2017-1,S080,INF0121,C-,1.7
2017-1,S080,INF0421,A-,3.7
2017-1,S080,INF0181,B-,2.7
2017-1,S080,INF0481,A,4
2017-1,S080,INF0321,C+,2.3
2017-1,S080,INF0681,A,4
2017-1,S081,INF0161,B-,2.7
2017-1,S081,INF0121,C,2
2017-1,S081,INF0421,A-,3.7
2017-1,S081,INF0181,C+,2.3
2017-1,S081,INF0481,C+,2.3
2017-1,S081,INF0321,C+,2.3
2017-1,S082,INF0161,B,3
2017-1,S082,INF0121,C+,2.3
2017-1,S082,INF0421,B+,3.3
2017-1,S082,INF0321,C+,2.3
2017-1,S082,INF0051,B+,3.3
2017-1,S082,INF0411,B-,2.7
2017-1,S083,INF0031,A-,3.7
2017-1,S083,INF0161,A,4
2017-1,S083,INF0121,A-,3.7
2017-1,S083,INF0421,A-,3.7
2017-1,S083,INF0181,A,4
2017-1,S083,INF0481,A-,3.7
2017-1,S083,INF0321,A,4
2017-1,S083,INF0681,A,4
2017-1,S084,INF0161,A-,3.7
2017-1,S084,INF0121,B,3
2017-1,S084,INF0421,B,3
2017-1,S084,INF0551,A,4
2017-1,S084,INF0321,B-,2.7
2017-1,S084,INF0071,A-,3.7
2017-1,S085,INF0031,A-,3.7
2017-1,S085,INF0161,A-,3.7
2017-1,S085,INF0121,B-,2.7
2017-1,S085,INF0421,A,4
2017-1,S085,INF0551,A,4
2017-1,S085,INF0321,A,4
2017-1,S085,INF0071,A,4
2017-1,S046,INF0011,B-,2.7
2017-1,S046,INF0132,B,3
2017-1,S046,INF0521,C,2
2017-1,S046,INF0031,B-,2.7
2017-1,S046,INF0681,A-,3.7
2017-1,S086,INF0161,A-,3.7
2017-1,S086,INF0121,B+,3.3
2017-1,S086,INF0421,B+,3.3
2017-1,S086,INF0321,B-,2.7
2017-1,S086,INF0051,A-,3.7
2017-1,S086,INF0411,B,3
2017-1,S026,INF0671,B+,3.3
2017-1,S087,INF0161,B,3
2017-1,S087,INF0121,C+,2.3
2017-1,S087,INF0421,B+,3.3
2017-1,S087,INF0321,B,3
2017-1,S087,INF0051,B,3
2017-1,S087,INF0411,C,2
2017-1,S088,INF0161,B+,3.3
2017-1,S088,INF0121,B-,2.7
2017-1,S088,INF0421,A-,3.7
2017-1,S088,INF0551,A,4
2017-1,S088,INF0321,A-,3.7
2017-1,S088,INF0071,A,4
2017-2,S049,INF0031,B,3
2017-2,S049,INF0631,C,2
2017-2,S049,INF0401,B-,2.7
2017-2,S049,INF0171,C+,2.3
2017-2,S049,INF0611,C,2
2017-2,S049,INF0471,B+,3.3
2017-2,S050,INF0031,A-,3.7
2017-2,S050,INF0631,C+,2.3
2017-2,S050,INF0401,C+,2.3
2017-2,S050,INF0171,C+,2.3
2017-2,S050,INF0081,B,3
2017-2,S050,INF0471,B+,3.3
2017-2,S051,INF0031,B-,2.7
2017-2,S051,INF0631,B-,2.7
2017-2,S051,INF0401,B+,3.3
2017-2,S051,INF0171,B,3
2017-2,S051,INF0081,B-,2.7
2017-2,S051,INF0471,B,3
2017-2,S052,INF0031,C+,2.3
2017-2,S052,INF0631,C-,1.7
2017-2,S052,INF0171,C+,2.3
2017-2,S052,INF0201,B+,3.3
2017-2,S052,INF0541,B+,3.3
2017-2,S052,INF0451,A-,3.7
2017-2,S053,INF0631,A,4
2017-2,S053,INF0401,A,4
2017-2,S053,INF0171,A-,3.7
2017-2,S053,INF0471,A,4
2017-2,S009,INF0691,E,0
2017-2,S032,INF0671,B+,3.3
2017-2,S033,INF0691,A-,3.7
2017-2,S054,INF0031,C,2
2017-2,S054,INF0631,A,4
2017-2,S054,INF0401,B+,3.3
2017-2,S054,INF0171,B-,2.7
2017-2,S054,INF0471,A,4
2017-2,S027,INF0691,E,0
2017-2,S055,INF0031,A-,3.7
2017-2,S055,INF0631,A,4
2017-2,S055,INF0171,B,3
2017-2,S055,INF0201,B-,2.7
2017-2,S055,INF0541,B+,3.3
2017-2,S055,INF0451,A-,3.7
2017-2,S034,INF0571,C,2
2017-2,S034,INF0691,E,0
2017-2,S028,INF0691,E,0
2017-2,S056,INF0141,B,3
2017-2,S056,INF0631,A-,3.7
2017-2,S056,INF0661,B,3
2017-2,S056,INF0171,B,3
2017-2,S056,INF0261,A,4
2017-2,S056,INF0461,A-,3.7
2017-2,S029,INF0671,B-,2.7
2017-2,S057,INF0031,B+,3.3
2017-2,S057,INF0631,C+,2.3
2017-2,S057,INF0401,B-,2.7
2017-2,S057,INF0171,B,3
2017-2,S057,INF0471,B+,3.3
2017-2,S058,INF0301,B-,2.7
2017-2,S058,INF0631,B-,2.7
2017-2,S058,INF0401,B-,2.7
2017-2,S058,INF0171,B,3
2017-2,S058,INF0471,B,3
2017-2,S059,INF0631,A,4
2017-2,S059,INF0401,A,4
2017-2,S059,INF0171,A,4
2017-2,S059,INF0471,A,4
2017-2,S060,INF0031,B,3
2017-2,S060,INF0631,C,2
2017-2,S060,INF0401,B-,2.7
2017-2,S060,INF0171,C+,2.3
2017-2,S060,INF0471,B+,3.3
2017-2,S060,INF0681,A-,3.7
2017-2,S061,INF0031,B-,2.7
2017-2,S061,INF0631,B+,3.3
2017-2,S061,INF0661,B-,2.7
2017-2,S061,INF0171,B,3
2017-2,S061,INF0261,A,4
2017-2,S061,INF0611,C,2
2017-2,S061,INF0461,A,4
2017-2,S030,INF0671,B,3
2017-2,S062,INF0031,B-,2.7
2017-2,S062,INF0631,A,4
2017-2,S062,INF0171,B+,3.3
2017-2,S062,INF0201,B+,3.3
2017-2,S062,INF0541,A-,3.7
2017-2,S062,INF0451,A-,3.7
2017-2,S047,INF0031,B-,2.7
2017-2,S047,INF0631,A-,3.7
2017-2,S047,INF0661,B-,2.7
2017-2,S047,INF0171,B+,3.3
2017-2,S047,INF0261,A,4
2017-2,S047,INF0611,C+,2.3
2017-2,S047,INF0461,A,4
2017-2,S063,INF0031,C+,2.3
2017-2,S063,INF0631,B+,3.3
2017-2,S063,INF0661,C+,2.3
2017-2,S063,INF0171,B,3
2017-2,S063,INF0261,A,4
2017-2,S063,INF0461,A,4
2017-2,S016,INF0671,B+,3.3
2017-2,S064,INF0031,B+,3.3
2017-2,S064,INF0631,A,4
2017-2,S064,INF0401,B,3
2017-2,S064,INF0171,B-,2.7
2017-2,S064,INF0471,A,4
2017-2,S064,INF0681,A-,3.7
2017-2,S018,INF0621,C,2
2017-2,S018,INF0301,C,2
2017-2,S018,INF0171,C,2
2017-2,S065,INF0031,C+,2.3
2017-2,S065,INF0631,A,4
2017-2,S065,INF0401,B-,2.7
2017-2,S065,INF0171,C+,2.3
2017-2,S065,INF0611,C-,1.7
2017-2,S065,INF0471,A,4
2017-2,S042,INF0691,E,0
2017-2,S043,INF0691,E,0
2017-2,S066,INF0031,C+,2.3
2017-2,S066,INF0631,B-,2.7
2017-2,S066,INF0401,C+,2.3
2017-2,S066,INF0171,C+,2.3
2017-2,S066,INF0611,C-,1.7
2017-2,S066,INF0471,B,3
2017-2,S067,INF0031,C+,2.3
2017-2,S067,INF0631,B,3
2017-2,S067,INF0661,C+,2.3
2017-2,S067,INF0171,B-,2.7
2017-2,S067,INF0261,A-,3.7
2017-2,S067,INF0461,A,4
2017-2,S021,INF0621,B-,2.7
2017-2,S021,INF0671,B,3
2017-2,S068,INF0031,C,2
2017-2,S068,INF0631,C-,1.7
2017-2,S068,INF0171,C,2
2017-2,S068,INF0201,B,3
2017-2,S068,INF0541,B+,3.3
2017-2,S068,INF0611,C-,1.7
2017-2,S068,INF0451,A-,3.7
2017-2,S069,INF0031,C+,2.3
2017-2,S069,INF0631,A,4
2017-2,S069,INF0401,B,3
2017-2,S069,INF0171,C+,2.3
2017-2,S069,INF0471,A,4
2017-2,S069,INF0681,A-,3.7
2017-2,S070,INF0031,C+,2.3
2017-2,S070,INF0631,C-,1.7
2017-2,S070,INF0171,C+,2.3
2017-2,S070,INF0201,B+,3.3
2017-2,S070,INF0541,A-,3.7
2017-2,S070,INF0611,C-,1.7
2017-2,S070,INF0451,A-,3.7
2017-2,S071,INF0031,C,2
2017-2,S071,INF0631,A,4
2017-2,S071,INF0401,B,3
2017-2,S071,INF0171,C+,2.3
2017-2,S071,INF0471,A,4
2017-2,S072,INF0031,B,3
2017-2,S072,INF0631,A,4
2017-2,S072,INF0171,C+,2.3
2017-2,S072,INF0201,B+,3.3
2017-2,S072,INF0541,A-,3.7
2017-2,S072,INF0451,B+,3.3
2017-2,S072,INF0681,A-,3.7
2017-2,S031,INF0691,E,0
2017-2,S023,INF0671,E,0
2017-2,S073,INF0031,B+,3.3
2017-2,S073,INF0631,A,4
2017-2,S073,INF0401,B+,3.3
2017-2,S073,INF0171,B,3
2017-2,S073,INF0471,A,4
2017-2,S073,INF0681,A-,3.7
2017-2,S074,INF0631,B-,2.7
2017-2,S074,INF0401,B-,2.7
2017-2,S074,INF0171,B,3
2017-2,S074,INF0081,C+,2.3
2017-2,S074,INF0611,C,2
2017-2,S074,INF0471,B,3
2017-2,S044,INF0081,B-,2.7
2017-2,S044,INF0691,A-,3.7
2017-2,S075,INF0031,B-,2.7
2017-2,S075,INF0631,B-,2.7
2017-2,S075,INF0401,C+,2.3
2017-2,S075,INF0171,B-,2.7
2017-2,S075,INF0471,B,3
2017-2,S076,INF0631,A,4
2017-2,S076,INF0401,A,4
2017-2,S076,INF0171,A,4
2017-2,S076,INF0471,A,4
2017-2,S077,INF0631,A,4
2017-2,S077,INF0401,A,4
2017-2,S077,INF0171,A,4
2017-2,S077,INF0471,A,4
2017-2,S078,INF0031,B-,2.7
2017-2,S078,INF0631,C+,2.3
2017-2,S078,INF0401,B+,3.3
2017-2,S078,INF0171,B,3
2017-2,S078,INF0471,B+,3.3
2017-2,S045,INF0691,B+,3.3
2017-2,S079,INF0031,B,3
2017-2,S079,INF0631,C-,1.7
2017-2,S079,INF0501,B-,2.7
2017-2,S079,INF0171,C+,2.3
2017-2,S079,INF0201,B+,3.3
2017-2,S079,INF0541,A-,3.7
2017-2,S079,INF0451,A-,3.7
2017-2,S080,INF0631,A,4
2017-2,S080,INF0401,B+,3.3
2017-2,S080,INF0171,B,3
2017-2,S080,INF0471,A,4
2017-2,S081,INF0031,B-,2.7
2017-2,S081,INF0631,C,2
2017-2,S081,INF0401,B-,2.7
2017-2,S081,INF0171,C+,2.3
2017-2,S081,INF0611,C-,1.7
2017-2,S081,INF0471,B+,3.3
2017-2,S082,INF0031,C+,2.3
2017-2,S082,INF0631,A,4
2017-2,S082,INF0171,C,2
2017-2,S082,INF0201,B+,3.3
2017-2,S082,INF0541,B-,2.7
2017-2,S082,INF0611,C-,1.7
2017-2,S082,INF0451,B+,3.3
2017-2,S083,INF0631,A,4
2017-2,S083,INF0401,A,4
2017-2,S083,INF0171,A,4
2017-2,S083,INF0471,A,4
2017-2,S084,INF0141,B-,2.7
2017-2,S084,INF0631,A-,3.7
2017-2,S084,INF0661,B+,3.3
2017-2,S084,INF0171,B+,3.3
2017-2,S084,INF0261,A-,3.7
2017-2,S084,INF0461,A,4
2017-2,S085,INF0631,A,4
2017-2,S085,INF0661,A,4
2017-2,S085,INF0171,A,4
2017-2,S085,INF0261,A,4
2017-2,S085,INF0461,A,4
2017-2,S085,INF0681,A,4
2017-2,S046,INF0691,E,0
2017-2,S086,INF0031,B-,2.7
2017-2,S086,INF0631,A,4
2017-2,S086,INF0171,B-,2.7
2017-2,S086,INF0201,B+,3.3
2017-2,S086,INF0541,B+,3.3
2017-2,S086,INF0611,C-,1.7
2017-2,S086,INF0451,A-,3.7
2017-2,S087,INF0031,B,3
2017-2,S087,INF0631,C-,1.7
2017-2,S087,INF0171,B-,2.7
2017-2,S087,INF0201,B-,2.7
2017-2,S087,INF0541,B+,3.3
2017-2,S087,INF0451,A-,3.7
2017-2,S087,INF0681,B+,3.3
2017-2,S088,INF0141,B,3
2017-2,S088,INF0631,A-,3.7
2017-2,S088,INF0661,A-,3.7
2017-2,S088,INF0171,A-,3.7
2017-2,S088,INF0261,A,4
2017-2,S088,INF0461,A,4
2017-3,S049,INF0621,A-,3.7
2017-3,S049,INF0061,B,3
2017-3,S049,INF0151,B+,3.3
2017-3,S050,INF0061,C,2
2017-3,S050,INF0151,B+,3.3
2017-3,S051,INF0621,A,4
2017-3,S051,INF0061,B,3
2017-3,S051,INF0151,B+,3.3
2017-3,S052,INF0511,A-,3.7
2017-3,S052,INF0691,E,0
2017-3,S052,INF0151,B,3
2017-3,S053,INF0061,A-,3.7
2017-3,S053,INF0691,A,4
2017-3,S053,INF0151,A,4
2017-3,S054,INF0061,A-,3.7
2017-3,S054,INF0681,A,4
2017-3,S054,INF0151,A,4
2017-3,S027,INF0691,B+,3.3
2017-3,S055,INF0511,A,4
2017-3,S055,INF0691,E,0
2017-3,S055,INF0151,A-,3.7
2017-3,S028,INF0691,B+,3.3
2017-3,S056,INF0621,B+,3.3
2017-3,S056,INF0061,B+,3.3
2017-3,S056,INF0151,B+,3.3
2017-3,S057,INF0061,B+,3.3
2017-3,S057,INF0691,E,0
2017-3,S057,INF0151,A-,3.7
2017-3,S058,INF0621,B-,2.7
2017-3,S058,INF0061,B-,2.7
2017-3,S058,INF0151,B+,3.3
2017-3,S059,INF0061,A,4
2017-3,S059,INF0691,A,4
2017-3,S059,INF0151,A,4
2017-3,S060,INF0621,A,4
2017-3,S060,INF0061,B,3
2017-3,S060,INF0151,B+,3.3
2017-3,S061,INF0061,B,3
2017-3,S061,INF0681,A-,3.7
2017-3,S061,INF0151,A-,3.7
2017-3,S062,INF0511,A,4
2017-3,S062,INF0151,A,4
2017-3,S047,INF0621,A,4
2017-3,S047,INF0061,B+,3.3
2017-3,S047,INF0151,A,4
2017-3,S063,INF0621,A,4
2017-3,S063,INF0061,B,3
2017-3,S063,INF0151,B+,3.3
2017-3,S064,INF0061,C,2
2017-3,S064,INF0691,E,0
2017-3,S064,INF0151,B,3
2017-3,S018,INF0041,C,2
2017-3,S018,INF0681,B+,3.3
2017-3,S065,INF0061,B-,2.7
2017-3,S065,INF0681,B,3
2017-3,S065,INF0151,B-,2.7
2017-3,S041,INF0501,C,2
2017-3,S041,INF0691,B-,2.7
2017-3,S043,INF0691,B+,3.3
2017-3,S066,INF0061,B,3
2017-3,S066,INF0151,B,3
2017-3,S067,INF0621,B,3
2017-3,S067,INF0061,B+,3.3
2017-3,S067,INF0151,A,4
2017-3,S068,INF0621,C,2
2017-3,S068,INF0511,A-,3.7
2017-3,S068,INF0151,B,3
2017-3,S069,INF0621,A,4
2017-3,S069,INF0061,B,3
2017-3,S069,INF0151,B+,3.3
2017-3,S070,INF0621,A-,3.7
2017-3,S070,INF0511,B+,3.3
2017-3,S070,INF0151,B-,2.7
2017-3,S071,INF0621,B+,3.3
2017-3,S071,INF0061,C+,2.3
2017-3,S071,INF0151,B+,3.3
2017-3,S072,INF0511,A,4
2017-3,S072,INF0691,E,0
2017-3,S072,INF0151,B,3
2017-3,S031,INF0691,B,3
2017-3,S073,INF0061,B+,3.3
2017-3,S073,INF0691,B+,3.3
2017-3,S073,INF0151,A-,3.7
2017-3,S074,INF0061,B,3
2017-3,S074,INF0151,B,3
2017-3,S075,INF0621,B-,2.7
2017-3,S075,INF0061,C+,2.3
2017-3,S075,INF0151,B+,3.3
2017-3,S076,INF0061,A,4
2017-3,S076,INF0691,A,4
2017-3,S076,INF0151,A,4
2017-3,S077,INF0061,A,4
2017-3,S077,INF0691,A-,3.7
2017-3,S077,INF0151,A,4
2017-3,S078,INF0061,B+,3.3
2017-3,S078,INF0151,A,4
2017-3,S079,INF0511,A,4
2017-3,S079,INF0691,A-,3.7
2017-3,S079,INF0151,B+,3.3
2017-3,S080,INF0061,A-,3.7
2017-3,S080,INF0691,A-,3.7
2017-3,S080,INF0151,A,4
2017-3,S081,INF0621,A-,3.7
2017-3,S081,INF0061,B-,2.7
2017-3,S081,INF0151,B,3
2017-3,S082,INF0621,C+,2.3
2017-3,S082,INF0511,B+,3.3
2017-3,S082,INF0151,A-,3.7
2017-3,S083,INF0061,A-,3.7
2017-3,S083,INF0691,A,4
2017-3,S083,INF0151,A,4
2017-3,S084,INF0061,B,3
2017-3,S084,INF0151,A-,3.7
2017-3,S085,INF0061,A-,3.7
2017-3,S085,INF0691,A,4
2017-3,S085,INF0151,A,4
2017-3,S046,INF0691,C+,2.3
2017-3,S086,INF0511,B+,3.3
2017-3,S086,INF0681,A-,3.7
2017-3,S086,INF0151,B,3
2017-3,S087,INF0621,A,4
2017-3,S087,INF0511,A-,3.7
2017-3,S087,INF0151,A-,3.7
2017-3,S088,INF0061,A-,3.7
2017-3,S088,INF0681,B+,3.3
2017-3,S088,INF0151,A-,3.7
2018-1,S049,INF0221,B-,2.7
2018-1,S049,INF0132,B,3
2018-1,S049,INF0022,B+,3.3
2018-1,S049,INF0291,C+,2.3
2018-1,S049,INF0681,A-,3.7
2018-1,S050,INF0521,B-,2.7
2018-1,S050,INF0291,C+,2.3
2018-1,S050,INF0681,B,3
2018-1,S051,INF0221,B-,2.7
2018-1,S051,INF0011,A,4
2018-1,S051,INF0521,A-,3.7
2018-1,S051,INF0681,B+,3.3
2018-1,S052,INF0691,B,3
2018-1,S009,INF0691,B+,3.3
2018-1,S054,INF0011,A,4
2018-1,S054,INF0022,B,3
2018-1,S054,INF0691,A,4
2018-1,S055,INF0691,B+,3.3
2018-1,S034,INF0691,B+,3.3
2018-1,S056,INF0031,B,3
2018-1,S056,INF0291,B-,2.7
2018-1,S056,INF0681,B+,3.3
2018-1,S057,INF0011,A,4
2018-1,S057,INF0691,A-,3.7
2018-1,S058,INF0132,B+,3.3
2018-1,S058,INF0031,C+,2.3
2018-1,S058,INF0291,B+,3.3
2018-1,S058,INF0681,E,0
2018-1,S060,INF0291,B-,2.7
2018-1,S060,INF0691,B,3
2018-1,S061,INF0221,B-,2.7
2018-1,S061,INF0132,B+,3.3
2018-1,S061,INF0022,C,2
2018-1,S061,INF0691,B+,3.3
2018-1,S062,INF0022,B+,3.3
2018-1,S062,INF0691,B+,3.3
2018-1,S047,INF0521,A,4
2018-1,S047,INF0291,B+,3.3
2018-1,S047,INF0681,B-,2.7
2018-1,S063,INF0221,B-,2.7
2018-1,S063,INF0022,B-,2.7
2018-1,S063,INF0521,A,4
2018-1,S063,INF0291,B,3
2018-1,S063,INF0681,A-,3.7
2018-1,S064,INF0691,B,3
2018-1,S018,INF0291,C+,2.3
2018-1,S018,INF0691,E,0
2018-1,S065,INF0691,A-,3.7
2018-1,S042,INF0691,A-,3.7
2018-1,S048,INF0681,E,0
2018-1,S066,INF0022,B+,3.3
2018-1,S066,INF0521,B-,2.7
2018-1,S066,INF0681,A-,3.7
2018-1,S067,INF0022,B+,3.3
2018-1,S067,INF0671,B,3
2018-1,S068,INF0022,C,2
2018-1,S068,INF0681,A-,3.7
2018-1,S069,INF0022,B-,2.7
2018-1,S069,INF0691,B+,3.3
2018-1,S070,INF0221,B-,2.7
2018-1,S070,INF0132,B-,2.7
2018-1,S070,INF0022,B+,3.3
2018-1,S070,INF0521,B,3
2018-1,S070,INF0291,C+,2.3
2018-1,S070,INF0681,B+,3.3
2018-1,S071,INF0221,B-,2.7
2018-1,S071,INF0132,B-,2.7
2018-1,S071,INF0022,B,3
2018-1,S071,INF0291,B-,2.7
2018-1,S071,INF0681,B+,3.3
2018-1,S072,INF0691,B+,3.3
2018-1,S074,INF0521,B,3
2018-1,S074,INF0031,B-,2.7
2018-1,S074,INF0291,B,3
2018-1,S074,INF0681,A-,3.7
2018-1,S075,INF0011,A,4
2018-1,S075,INF0132,B-,2.7
2018-1,S075,INF0022,A,4
2018-1,S075,INF0521,B,3
2018-1,S075,INF0681,B+,3.3
2018-1,S078,INF0691,B+,3.3
2018-1,S081,INF0132,B,3
2018-1,S081,INF0022,B,3
2018-1,S081,INF0291,C+,2.3
2018-1,S081,INF0681,B,3
2018-1,S082,INF0022,C+,2.3
2018-1,S082,INF0681,A-,3.7
2018-1,S084,INF0022,C+,2.3
2018-1,S084,INF0521,B+,3.3
2018-1,S084,INF0031,C,2
2018-1,S084,INF0681,A-,3.7
2018-1,S086,INF0291,B,3
2018-1,S086,INF0691,B+,3.3
2018-1,S087,INF0022,C+,2.3
2018-1,S087,INF0691,B+,3.3
2018-1,S088,INF0022,B-,2.7
2018-1,S088,INF0031,B+,3.3
2018-1,S088,INF0691,B+,3.3
